time_s,g5_roll,ahrs_roll,gps_turn_rate_bank_deg,g5_slip_raw,mag_turn_rate_bank_deg,yaw_gyro_turn_rate_bank_deg,fused_turn_rate_bank_deg,accel_roll_deg,roll_correction_target_deg,magnetic_roll_deg,magnetic_roll_innovation_deg,magnetic_roll_disagreement_deg,magnetic_roll_valid,error
600.080674,-0.010000,0.000000,0.000000,nan,0.000000,0.000000,0.000000,0.000000,0.000000,0.000000,0.000000,0.000000,0,0.010000
600.282478,0.060000,0.350964,-0.002324,nan,0.000000,1.582263,-0.002324,13.420470,-0.002324,13.196526,12.600761,0.000000,0,0.290964
600.481251,0.220000,1.607577,0.032018,nan,0.000000,1.629177,0.032018,13.310661,0.032018,11.952493,10.344915,0.000000,1,1.387577
600.680387,0.300000,1.080741,0.085358,nan,1.935826,1.390452,4.716497,11.577847,4.716497,12.617014,11.536273,0.000000,1,0.780741
600.881528,0.310000,0.845384,0.173545,nan,2.940486,1.220291,0.173545,8.264778,0.173545,12.604557,11.759173,0.000000,1,0.535384
601.082559,0.310000,0.685947,0.211318,nan,3.706826,0.781007,2.992367,6.952622,2.992367,11.875438,11.189490,0.000000,1,0.375947
601.280394,0.060000,1.309838,0.087546,nan,-45.467262,-0.224933,1.439198,3.379129,1.439198,5.292793,3.982955,0.000000,1,1.249838
601.484480,-0.080000,1.527322,-0.028075,nan,10.297084,-0.027636,0.638979,1.667635,0.638979,12.632626,11.105304,0.000000,1,1.607322
601.683483,0.010000,2.511753,-0.027999,nan,9.072341,-0.370888,0.593240,1.553098,0.593240,12.951571,10.439817,0.000000,1,2.501753
601.886515,0.030000,2.884389,-0.017848,nan,7.891088,-0.527322,-0.017848,-0.676060,-0.017848,11.360451,8.476062,0.000000,1,2.854389
602.083771,0.020000,2.071123,0.018224,nan,7.705197,-1.562392,0.018224,1.134629,0.018224,14.349618,12.278495,0.000000,1,2.051123
602.280383,-0.090000,2.148191,0.098226,nan,6.901683,-0.517524,0.577564,1.394767,0.577564,12.127740,9.979549,0.000000,1,2.238191
602.485648,-0.120000,2.161672,-0.017660,nan,7.934502,-1.068068,-0.017660,1.394767,-0.017660,13.045664,10.883991,0.000000,1,2.281672
602.681236,-0.350000,1.607463,0.226638,nan,9.904813,-0.790710,0.226638,1.001320,0.226638,8.646298,7.038836,10.757761,1,1.957463
602.882573,-0.820000,1.157462,-0.016919,nan,11.356356,0.353107,-0.498120,-1.203003,-0.498120,8.326773,7.169310,10.997454,1,1.977463
603.085650,-1.220000,1.146994,-0.012833,nan,-27.080492,0.482469,0.522597,1.338576,0.522597,1.873425,0.726431,0.520907,1,2.366994
603.280391,-1.590000,1.663596,-0.509353,nan,-2.123250,1.845429,-0.290938,1.917945,-0.290938,5.729352,4.065756,8.200408,1,3.253596
603.480485,-1.680000,1.462273,-0.509353,nan,-23.578390,2.259746,-0.509353,-5.273078,-0.509353,1.573369,0.111096,0.730394,1,3.142273
603.680411,-1.890000,0.190309,-0.635412,nan,-9.029194,2.694335,-0.635412,-4.489809,-0.635412,1.399141,1.208832,0.965740,1,2.080309
603.884650,-2.000000,-0.418996,-0.712121,nan,12.589814,2.978648,-0.712121,-4.949673,-0.712121,5.474337,5.893333,8.457766,1,1.581004
604.080656,-1.950000,-0.944012,-0.723154,nan,-23.425642,0.902866,-0.723154,-9.301348,-0.723154,0.868504,1.812516,1.422550,1,1.005988
604.295070,-2.020000,-1.808097,-0.802759,nan,-4.851820,-0.479731,-0.653176,-4.414530,-0.653176,2.508664,4.316761,2.078709,1,0.211903
604.484772,-2.380000,-2.345195,-0.802759,nan,-19.720432,-1.321027,-2.310979,-3.770550,-2.310979,1.755798,4.100993,0.201861,1,0.034805
604.680478,-2.400000,-2.600554,-1.159556,nan,-2.346542,-2.490231,-0.926787,-0.071303,-0.926787,3.268486,5.869040,3.963306,1,-0.200554
604.886512,-2.120000,-2.741978,-1.287786,nan,-4.972215,-2.816690,-0.992345,0.738602,-0.992345,2.415479,5.157457,1.991662,1,-0.621978
605.087505,-1.710000,-2.920753,-1.524801,nan,6.116370,-1.789173,-1.463229,-1.392270,-1.463229,4.321458,7.242211,4.625748,1,-1.210753
605.364206,-1.220000,-2.936585,-1.483149,nan,27.060833,-1.931965,-1.592562,-3.141236,-1.592562,7.711045,10.647630,9.855079,1,-1.716585
605.484796,-0.780000,-3.409101,-1.483149,nan,0.899552,-2.060766,-1.483149,-3.141236,-1.483149,4.389371,7.798472,2.258559,1,-2.629101
605.680515,-0.490000,-4.039080,-1.489620,nan,16.444195,-2.272216,-1.489620,-1.422373,-1.489620,6.449742,10.488823,5.628529,1,-3.549080
605.882562,-0.290000,-3.321837,-1.418742,nan,-13.010336,-2.308941,-1.403002,-0.092781,-1.403002,3.675428,6.997264,0.231475,1,-3.031837
606.087656,-0.270000,-3.162740,-1.288273,nan,-5.999684,-4.440515,-1.735985,-1.119279,-1.735985,4.140512,7.303253,0.198667,1,-2.892740
606.326151,-0.300000,-3.315451,-1.138272,nan,4.580611,-4.399221,-1.327989,-5.080457,-1.327989,6.434284,9.749735,4.483071,1,-3.015451
606.481493,-0.250000,-3.437434,-1.138272,nan,-2.061280,-3.854727,-3.225386,-5.217784,-3.225386,4.767599,8.205032,0.347925,1,-3.187434
606.681492,-0.150000,-3.839051,-0.976276,nan,-0.075174,-2.933279,-0.976276,-6.937905,-0.976276,5.079357,8.918408,1.518169,1,-3.689051
606.881305,-0.100000,-2.987074,-0.796866,nan,-12.774692,-2.358680,-1.003974,-7.411951,-1.003974,3.501561,6.488635,1.962831,1,-2.887074
607.087507,-0.070000,-3.194110,-0.790118,nan,-13.856213,-1.039120,-0.790118,-9.613135,-0.790118,2.923913,6.118024,2.583900,1,-3.124110
607.332925,-0.020000,-2.656576,-0.619753,nan,-1.765990,-2.237872,-0.619753,-7.855240,-0.619753,4.838871,7.495447,1.045125,1,-2.636576
607.483850,0.040000,-2.500962,-0.619753,nan,-2.077128,-1.540275,-0.619753,-5.158814,-0.619753,3.932420,6.433381,0.376499,1,-2.540962
607.687647,0.040000,-1.740564,-0.526279,nan,-4.276701,-1.555706,-0.526279,-4.183257,-0.526279,5.090508,6.831072,1.178549,1,-1.780564
607.887512,0.040000,-1.205996,-0.506740,nan,-11.103633,-2.352714,-0.526279,-4.886548,-0.526279,3.932893,5.138889,1.189959,1,-1.245996
608.081272,0.090000,-0.953074,-0.402942,nan,-9.871823,-2.773367,-0.506740,-4.305003,-0.506740,3.952349,4.905424,1.141932,1,-1.043074
608.280761,0.130000,-1.153949,-0.378140,nan,-13.221212,-1.836921,-0.378140,-3.726160,-0.378140,4.062284,5.216232,1.327709,1,-1.283949
608.486644,0.160000,-1.340165,-0.285587,nan,-20.642015,-0.718307,-0.285587,-3.662701,-0.285587,2.328715,3.668880,3.895659,1,-1.500165
608.683644,0.180000,-1.156579,-0.230458,nan,-16.039148,-0.795278,-0.230458,-4.974222,-0.230458,2.903468,4.060047,2.910105,1,-1.336580
608.880383,0.170000,-1.925609,-0.186178,nan,-3.816759,-1.335989,-0.186178,-7.005930,-0.186178,4.193579,6.119187,0.546926,1,-2.095609
609.082558,0.280000,-2.473317,-0.192325,nan,-5.864727,-0.447259,-0.192325,-5.746367,-0.192325,3.893175,6.366492,1.673136,1,-2.753317
609.285646,0.330000,-2.158127,-0.154642,nan,-9.381068,-0.549446,-0.154642,-7.656411,-0.154642,3.951065,6.109191,0.977593,1,-2.488127
609.480488,0.320000,-0.421269,-0.121229,nan,-15.226713,-1.757964,-0.121229,-5.476053,-0.121229,2.999097,3.420366,3.650738,1,-0.741269
609.683479,0.400000,-1.185043,-0.046266,nan,-2.192635,-2.136769,-0.434553,-0.970719,-0.434553,4.422666,5.607709,1.763429,1,-1.585043
609.882544,0.480000,-0.919715,0.088823,nan,10.354241,-2.117765,0.088823,-3.882779,0.088823,6.225951,7.145666,2.668021,1,-1.399715
610.084727,0.570000,-1.061191,0.078646,nan,-14.983245,-2.258705,0.078646,-7.217084,0.078646,3.764091,4.825281,2.138435,1,-1.631191
610.281118,0.620000,-0.731647,0.185549,nan,-3.841007,-2.132969,0.185549,-7.217084,0.185549,4.794214,5.525861,0.353633,1,-1.351647
610.487344,0.570000,-0.243246,0.165715,nan,2.227140,-3.736794,0.165715,-7.051204,0.165715,5.980605,6.223851,1.807618,1,-0.813246
610.684631,0.550000,-0.822530,0.226423,nan,-38.408260,-3.602177,0.241481,-7.777206,0.241481,-1.337974,-0.515444,0.524654,1,-1.372530
610.881292,0.600000,-0.655656,0.314579,nan,-6.369838,-3.611182,0.226423,-3.203556,0.226423,3.443819,4.099475,3.488598,1,-1.255656
611.081525,0.680000,-1.322922,0.427156,nan,13.425858,-2.746300,0.314579,0.580021,0.314579,6.081923,7.404845,1.835880,1,-2.002923
611.284180,0.760000,-0.940310,0.350013,nan,-3.768988,-2.684660,0.350013,0.077734,0.350013,4.969929,5.910239,0.782563,1,-1.700310
611.480385,0.800000,-0.890020,0.387256,nan,-8.681396,-2.138030,0.387256,6.731496,0.387256,3.297312,4.187332,3.802169,1,-1.690020
611.681282,0.810000,-0.332510,0.431405,nan,13.089190,-2.356427,0.431405,4.761751,0.431405,5.282203,5.614713,0.477495,1,-1.142510
611.880399,0.850000,-0.258081,0.423913,nan,1.449109,-2.755476,0.566927,2.363907,0.566927,4.689514,4.947595,1.080175,1,-1.108081
612.081242,0.940000,0.387554,0.540811,nan,-13.260988,-3.448462,0.423913,2.641529,0.423913,2.894510,2.506956,4.183671,1,-0.552446
612.281250,1.080000,0.577455,0.553322,nan,-0.029879,-3.093097,0.553322,0.227935,0.553322,3.635380,3.057925,3.601665,1,-0.502545
612.482479,1.140000,1.401985,0.577115,nan,10.356514,-2.224652,0.577115,0.086385,0.577115,5.778334,4.376348,0.703717,1,0.261985
612.686506,1.200000,1.906321,0.773940,nan,24.994606,-1.452459,0.773940,-0.684326,0.773940,8.597704,6.691382,5.610785,1,0.706321
612.881319,1.220000,1.474707,0.675540,nan,-4.102813,-0.537650,0.288464,-0.967689,0.288464,4.055538,2.580831,3.006705,1,0.254707
613.082765,1.200000,1.095350,0.751456,nan,-1.177694,0.902540,0.751456,0.756630,0.751456,4.668643,3.573293,0.762419,1,-0.104650
613.283478,1.260000,1.327912,0.856574,nan,4.411229,1.928999,0.856574,2.207179,0.856574,5.603553,4.275641,0.463419,1,0.067912
613.481128,1.300000,1.578672,0.814804,nan,-0.346743,1.953477,0.856574,0.363502,0.856574,4.303951,2.725279,1.760218,1,0.278672
613.682546,1.320000,0.142206,0.918387,nan,5.130410,2.150235,0.918387,-0.969172,0.918387,5.834745,5.692539,0.671763,1,-1.177794
613.880420,1.320000,1.040391,1.004780,nan,35.914555,0.169012,1.004780,-2.146872,1.004780,9.125731,8.085340,7.285867,1,-0.279609
614.082208,1.380000,1.682243,0.972498,nan,-5.513019,-0.324465,0.972498,-0.786514,0.972498,4.966493,3.284250,0.766137,1,0.302243
614.282833,1.460000,1.640750,0.933790,nan,-2.537806,0.440625,0.933790,-2.532682,0.933790,5.075074,3.434323,0.028343,1,0.180750
614.494784,1.250000,1.746356,1.046913,nan,-3.808223,0.630145,1.046913,-3.571636,1.046913,5.775771,4.029415,0.309405,1,0.496356
614.682482,1.210000,1.831650,1.146779,nan,-6.861419,0.796560,1.146779,-3.571636,1.146779,6.200375,4.368725,1.843379,1,0.621650
614.885481,1.120000,1.390787,1.092397,nan,-2.034223,1.649504,1.092397,-6.010300,1.092397,6.505305,5.114518,2.095883,1,0.270787
615.080486,0.920000,-0.009290,1.153934,nan,-7.937863,1.053529,1.153934,0.076136,1.153934,4.443251,4.452540,1.075565,1,-0.929290
615.281493,0.930000,1.244152,1.149621,nan,-3.565675,-0.576631,1.149621,3.776067,1.149621,4.453801,3.209649,1.333699,1,0.314152
615.483155,0.820000,0.827447,1.111268,nan,11.520518,-0.617498,1.848044,1.841941,1.848044,6.629050,5.801603,3.810884,1,0.007447
615.680503,0.610000,0.652029,0.968392,nan,0.891689,-1.106950,0.874965,-0.399780,0.874965,5.365575,4.713547,1.523605,1,0.042029
615.885620,0.360000,0.960534,0.857649,nan,-18.028397,-0.674188,0.857649,-0.586633,0.857649,3.129289,2.168754,2.482103,1,0.600534
616.080391,0.430000,1.116138,0.939092,nan,-18.016378,0.091963,1.093608,0.386290,1.093608,8.564607,7.448469,0.000000,1,0.686138
616.280738,0.430000,0.934267,0.727050,nan,17.265045,0.516508,0.746257,0.386290,0.746257,7.461265,6.526998,6.531433,1,0.504267
616.480486,0.470000,0.917360,0.739586,nan,-1.779850,1.586299,-0.016916,-1.891254,-0.016916,5.057662,4.140301,2.173995,1,0.447360
616.680497,0.470000,1.243513,0.543811,nan,25.777956,2.138484,0.608166,-0.799647,0.608166,13.449387,12.205873,0.000000,1,0.773513
616.886508,0.470000,1.596234,0.795317,nan,-18.271559,0.313519,0.829294,0.084942,0.829294,2.979561,1.383326,2.238240,1,1.126234
617.081508,0.470000,1.497069,0.701154,nan,-4.650051,0.395803,0.701154,-0.728479,0.701154,3.702131,2.205063,0.626764,1,1.027068
617.280595,0.540000,1.466583,0.600614,nan,26.454889,-0.849689,0.627932,-0.728479,0.627932,7.098573,5.631990,6.466775,1,0.926583
617.485477,0.610000,0.952957,0.600614,nan,25.865503,-0.353395,0.596093,-0.011303,0.596093,8.419251,7.466294,8.598352,1,0.342957
617.686646,0.660000,0.854204,0.590152,nan,25.075083,-0.849684,0.712695,-0.591222,0.712695,8.476024,7.621819,8.163445,1,0.194204
617.887511,0.690000,-0.690052,0.605290,nan,-17.056648,-0.145395,0.605290,-2.586153,0.605290,3.896699,4.586751,0.088265,1,-1.380052
618.080380,0.730000,-0.231071,0.549214,nan,-8.822276,0.449795,0.549214,-0.564252,0.549214,4.918055,5.149126,0.871013,1,-0.961071
618.285488,0.810000,-0.368885,0.509307,nan,-9.471437,0.497082,0.509307,-1.846504,0.509307,4.733243,5.102128,0.377290,1,-1.178885
618.481165,0.890000,0.151143,0.610285,nan,2.032232,0.216712,0.610285,-3.749804,0.610285,5.450218,5.299075,2.449207,1,-0.738857
618.681069,0.990000,0.087515,0.666646,nan,-13.757120,0.601830,0.777453,0.578801,0.777453,4.036260,3.948745,0.278288,1,-0.902485
618.880390,1.050000,0.081592,0.692468,nan,-18.532404,-0.435676,0.692468,1.948545,0.692468,2.077254,1.995662,4.541530,1,-0.968408
619.081256,1.090000,0.298253,0.749304,nan,14.755886,-0.376407,0.553195,-0.490274,0.553195,7.475044,7.176791,5.243124,1,-0.791747
619.281159,1.150000,1.034244,0.715679,nan,28.098963,-0.768918,0.715679,0.103994,0.715679,10.104523,9.070278,10.532379,1,-0.115756
619.488513,1.260000,1.016963,0.801475,nan,-13.605720,-2.131586,2.975859,5.435959,2.975859,4.525445,3.508482,0.428822,1,-0.243037
619.686515,1.340000,0.164064,0.854118,nan,-36.453823,-0.295207,2.792473,4.845888,2.792473,4.828462,4.664398,0.000000,1,-1.175936
619.880467,1.280000,-0.536613,0.938711,nan,28.321131,0.218277,0.938711,2.842831,0.938711,9.393095,9.929708,8.275592,1,-1.816613
620.080736,1.300000,-0.649686,0.979026,nan,-6.196450,0.158859,0.978345,2.588002,0.978345,6.098485,6.748171,2.064679,1,-1.949686
620.283480,1.390000,0.767225,0.936570,nan,-6.272870,0.284630,0.936570,4.632259,0.936570,5.335657,4.568432,0.078188,1,-0.622775
620.480388,1.390000,0.332055,0.953384,nan,-5.116070,0.641109,0.953384,4.632259,0.953384,6.091894,5.759839,1.945419,1,-1.057945
620.680399,1.370000,0.678650,0.883916,nan,-2.160301,-0.601130,3.139256,5.638350,3.139256,5.779462,5.100812,1.212319,1,-0.691350
620.881210,1.330000,0.775964,0.830700,nan,-9.205499,-0.256988,0.821503,7.316456,0.821503,4.097932,3.321968,1.099010,1,-0.554036
621.085475,1.260000,1.058235,0.880713,nan,27.448183,-1.333576,0.880713,3.939613,0.880713,14.327559,13.269323,0.000000,1,-0.201765
621.284517,1.260000,1.743586,0.840235,nan,0.097588,-1.562720,1.725348,2.212783,1.725348,5.638643,3.895057,1.665908,1,0.483586
621.525615,1.330000,2.784555,0.731758,nan,25.205196,-1.622944,0.741681,2.212783,0.741681,9.189115,6.404559,9.244902,1,1.454555
621.682475,1.410000,3.450338,0.731758,nan,21.895529,-2.487156,0.731758,1.069117,0.731758,16.064541,12.614202,0.000000,1,2.040338
621.880382,1.490000,2.534202,0.663448,nan,4.879943,-3.077966,0.738613,2.658797,0.738613,14.446136,11.911934,0.000000,1,1.044202
622.086507,1.500000,1.681582,0.811806,nan,21.985336,-2.265517,0.806463,3.701180,0.806463,14.818053,13.136471,0.000000,1,0.181582
622.280409,1.540000,1.491497,0.811806,nan,-0.205483,-2.868903,0.811806,3.701180,0.811806,6.980581,5.489084,3.731928,1,-0.048503
622.480077,1.550000,1.263990,0.943738,nan,20.230309,-1.607505,0.943738,3.013759,0.943738,14.529551,13.265561,0.000000,1,-0.286010
622.683638,1.480000,1.176393,0.798924,nan,18.133263,0.650258,0.798924,1.804823,0.798924,13.865365,12.688972,0.000000,1,-0.303607
622.880672,1.430000,0.817592,0.700292,nan,17.794237,1.384329,1.227363,1.317677,1.227363,15.492534,14.674942,0.000000,1,-0.612408
623.080628,1.390000,0.081302,0.838803,nan,0.646662,2.124512,0.838803,-2.049521,0.838803,8.035893,7.954591,6.749651,1,-1.308698
623.281197,1.360000,0.581075,0.927330,nan,-7.017938,0.841928,0.885662,-2.049521,0.885662,6.323086,5.742011,2.773430,1,-0.778925
623.497229,1.350000,2.449106,0.947935,nan,-4.891875,0.632379,0.947935,-2.049521,0.947935,7.801581,5.352476,5.536460,1,1.099105
623.682657,1.440000,2.264836,1.015873,nan,-22.201719,-0.785164,1.015873,-9.788417,1.015873,4.121964,1.857128,0.884927,1,0.824836
623.880618,1.390000,1.599046,1.100317,nan,-13.350430,-1.939119,-0.940530,-5.138622,-0.940530,6.257602,4.658556,2.439903,1,0.209046
624.081394,1.330000,1.402078,1.100317,nan,-4.365711,-2.326998,1.100317,-6.939708,1.100317,11.761223,10.359144,0.000000,1,0.072078
624.280396,1.260000,1.887247,1.191224,nan,-6.904547,-1.268040,1.191224,-6.939708,1.191224,10.992585,9.105338,0.000000,1,0.627247
624.520885,1.150000,1.788522,1.240863,nan,18.955759,-1.072436,1.240863,-6.939708,1.240863,14.152799,12.364277,0.000000,1,0.638522
624.682483,0.960000,0.357280,1.182138,nan,-6.136000,-0.641625,1.182138,-10.910217,1.182138,9.909970,9.552690,0.000000,1,-0.602720
624.881179,0.860000,0.818470,1.196917,nan,-28.591204,-1.083927,-3.176766,-10.907549,-3.176766,9.986797,9.168327,0.000000,1,-0.041530
625.081135,0.860000,-1.526262,1.290208,nan,17.819067,-0.566771,-3.091161,-10.953422,-3.091161,14.944843,16.471106,0.000000,1,-2.386262
625.284643,0.860000,1.325444,1.291031,nan,16.669741,0.394626,1.291031,-9.630482,1.291031,13.875804,12.550360,0.000000,1,0.465444
625.507876,0.830000,1.159942,1.401720,nan,14.776686,0.036544,1.401720,-8.049475,1.401720,14.685991,13.526050,0.000000,1,0.329942
625.683478,0.740000,-0.767187,1.303770,nan,13.446426,-0.162407,-2.982441,-10.715527,-2.982441,14.685987,15.453175,0.000000,1,-1.507187
625.890651,0.650000,-0.735398,1.264869,nan,-29.695389,0.275301,-2.053197,-8.295167,-2.053197,2.356315,3.091713,2.094670,1,-1.385398
626.083501,0.550000,-1.505840,1.325617,nan,-7.805368,0.238372,1.325617,-7.464153,1.325617,5.198121,6.703960,3.659642,1,-2.055840
626.290638,0.480000,-1.874896,1.255193,nan,-19.280807,1.480356,1.255193,-9.941261,1.255193,3.110292,4.985188,0.102892,1,-2.354896
626.518104,0.400000,-2.187399,1.286827,nan,-22.342735,0.280380,1.286827,-8.611594,1.286827,2.266297,4.453696,1.461339,1,-2.587399
626.681202,0.330000,-1.646668,1.239962,nan,-44.938259,1.794749,1.211994,-4.991218,1.211994,-1.713526,-0.066858,1.190364,1,-1.976668
626.880387,0.180000,0.389402,1.264867,nan,-51.092991,2.959576,1.239962,-5.474125,1.239962,-4.825325,-5.214727,2.291639,1,0.209402
627.080418,0.060000,0.261460,1.264867,nan,-37.380043,2.963562,1.264867,-5.474125,1.264867,-1.426967,-1.688427,2.570705,1,0.201460
627.282472,-0.060000,-1.744541,1.163828,nan,-46.924881,4.102675,1.163828,-5.474125,1.163828,-4.114904,-2.370363,0.799553,1,-1.684541
627.528968,-0.180000,-2.062033,1.114485,nan,-3.973431,3.241881,1.138384,-5.474125,1.138384,0.442285,2.504318,1.951306,1,-1.882033
627.694509,-0.310000,-0.698528,1.148670,nan,9.956474,1.236545,1.148670,-5.474125,1.148670,1.776763,2.475292,1.080324,1,-0.388528
627.885479,-0.460000,-1.649659,1.047433,nan,-26.386230,1.962848,-2.161372,-8.059866,-2.161372,-2.119009,-0.469350,3.654380,1,-1.189659
628.080418,-0.610000,-0.548096,0.987754,nan,-40.367981,0.560177,1.047433,-11.404589,1.047433,-6.266467,-5.718370,2.400499,1,0.061904
628.281168,-0.760000,0.351850,0.850314,nan,9.280922,-0.237491,0.987754,-11.404589,0.987754,0.651696,0.299846,1.919969,1,1.111850
628.541964,-0.820000,-0.740267,0.715984,nan,23.200720,0.258550,0.751697,-11.404589,0.751697,2.973469,3.713736,1.604552,1,0.079733
628.681277,-0.890000,-0.006689,0.607353,nan,30.937372,-1.039931,0.607353,-11.404589,0.607353,4.532353,4.539042,6.177423,1,0.883311
628.882656,-0.930000,-1.668537,0.688327,nan,11.026160,-2.124745,0.688327,-11.404589,0.688327,2.105733,3.774270,0.947789,1,-0.738537
629.085764,-0.930000,0.000281,0.554359,nan,29.008627,-1.319082,0.554359,-11.404589,0.554359,4.244623,4.244342,5.814202,1,0.930281
629.292507,-1.040000,-0.090218,0.476140,nan,30.473183,-0.079770,0.476140,-11.404589,0.476140,4.535706,4.625923,6.271191,1,0.949782
629.601988,-1.200000,-1.110921,0.336732,nan,1.164574,0.819506,0.358540,-11.404589,0.358540,1.097272,2.208193,0.438145,1,0.089079
629.689722,-1.310000,-1.280925,0.153555,nan,-5.485961,0.869053,0.153555,-11.404589,0.153555,0.664514,1.945439,0.650510,1,0.029075
629.885787,-1.400000,-2.515696,0.151785,nan,12.070133,2.170664,0.179257,-11.404589,0.179257,2.007017,4.522713,1.273200,1,-1.115696
630.083482,-1.390000,-4.823560,-0.013538,nan,24.408092,3.087001,0.123576,-11.404589,0.123576,4.742492,9.566051,7.064057,1,-3.433560
630.280573,-1.320000,-3.818655,0.092323,nan,-37.942902,2.796253,-0.013538,-11.404589,-0.013538,-4.383937,-0.565282,1.261326,1,-2.498654
630.480445,-1.260000,-2.653064,-0.018852,nan,-29.752161,2.032551,-0.018852,-11.404589,-0.018852,-2.441489,0.211575,6.710339,1,-1.393064
630.682623,-1.230000,-2.758984,-0.021779,nan,-1.622041,1.354373,-0.021779,-11.404589,-0.021779,0.445821,3.204805,1.616194,1,-1.528984
630.882752,-1.250000,-3.473128,0.000247,nan,-18.947489,1.229381,-4.440892,-11.106368,-4.440892,-0.987985,2.485143,4.156688,1,-2.223128
631.081567,-1.330000,-2.508780,-0.198937,nan,-3.140306,0.890961,-0.064918,-8.513786,-0.064918,0.232396,2.741176,1.533589,1,-1.178780
631.281084,-1.350000,-1.828148,-0.160460,nan,9.594780,-0.421117,-0.160460,-11.412582,-0.160460,0.701240,2.529387,0.582462,1,-0.478148
631.482659,-1.390000,-1.094787,-0.155995,nan,5.200401,-0.166954,-0.155995,-11.412582,-0.155995,0.854210,1.948997,0.279430,1,0.295213
631.680432,-1.410000,0.577661,-0.142612,nan,21.199644,0.184461,-0.142612,-11.412582,-0.142612,1.443521,0.865860,2.060110,1,1.987661
631.881383,-1.290000,0.931571,-0.048795,nan,-2.227826,0.810840,-0.048795,-11.412582,-0.048795,-0.814472,-1.746043,2.495627,1,2.221571
632.084650,-1.210000,-0.463198,0.056763,nan,16.296825,1.991657,0.056763,-11.412582,0.056763,2.076889,2.540087,3.055741,1,0.746802
632.283646,-1.140000,-1.786221,0.243812,nan,-13.262844,2.270970,-5.586065,-14.574694,-5.586065,-0.965898,0.820323,3.868453,1,-0.646221
632.483884,-1.060000,-0.354772,0.285332,nan,-43.009838,2.774306,0.285332,-13.221213,0.285332,-6.500952,-6.146180,2.992059,1,0.705228
632.689506,-1.020000,0.554775,0.484231,nan,-30.962265,0.997119,0.484231,-12.538738,0.484231,-3.722865,-4.277639,4.358830,1,1.574775
632.883490,-0.890000,0.684293,0.592126,nan,3.059469,1.136103,0.592126,-12.538738,0.592126,-1.713550,-2.397843,5.317404,1,1.574293
633.082498,-0.740000,0.651274,0.792207,nan,4.894075,-0.694101,0.792207,-15.274527,0.792207,-0.359760,-1.011034,2.281528,1,1.391274
633.283508,-0.620000,1.853694,0.790628,nan,9.827713,-2.392250,0.758519,-15.274527,0.758519,0.014064,-1.839630,2.383114,1,2.473694
633.480980,-0.440000,2.533070,0.790628,nan,12.915615,-2.031195,0.790628,-16.497570,0.790628,1.741803,-0.791267,0.146173,1,2.973070
633.683761,-0.280000,1.233034,0.941189,nan,26.589853,-0.476648,-2.093225,-7.586037,-2.093225,3.650520,2.417486,3.837329,1,1.513034
633.880581,-0.110000,1.402071,0.982179,nan,15.318513,-0.235000,-3.105416,-10.218987,-3.105416,1.688261,0.286190,0.511767,1,1.512071
634.088743,0.050000,0.908998,1.405065,nan,13.852290,-0.306820,1.405065,-7.426046,1.405065,1.286693,0.377695,2.064968,1,0.858998
634.280416,0.190000,0.803553,1.378976,nan,2.912971,-0.286090,1.378976,-7.426046,1.378976,0.453390,-0.350164,3.455721,1,0.613553
634.481905,0.250000,1.134079,1.453420,nan,4.877643,-1.115432,1.453420,-7.426046,1.453420,0.834525,-0.299554,0.550980,1,0.884079
634.680539,0.320000,0.521976,1.667053,nan,-14.644835,-1.737163,1.667053,-9.108170,1.667053,0.947141,0.425165,3.279898,1,0.201976
634.880806,0.330000,-0.259332,1.837100,nan,-33.179241,-2.484855,1.837100,-8.195793,1.837100,-3.724006,-3.464674,6.006697,1,-0.589332
635.080477,0.300000,1.057740,1.815473,nan,7.142770,-3.210657,0.094165,-4.303270,0.094165,1.593439,0.535699,2.639578,1,0.757740
635.281576,0.240000,0.343343,1.670307,nan,0.880893,-2.856032,1.670307,-3.258408,1.670307,0.470072,0.126729,0.707203,1,0.103343
635.481101,0.140000,0.217673,1.654613,nan,-0.177263,-0.424522,1.654613,-2.311256,1.654613,-0.487154,-0.704827,6.005917,1,0.077673
635.681472,0.000000,-0.841473,1.619956,nan,12.454021,0.742277,1.681760,0.746392,1.681760,1.195946,2.037418,1.608339,1,-0.841473
635.884628,-0.100000,-0.305614,1.414121,nan,17.556490,-0.908410,1.414121,-1.357554,1.414121,2.682278,2.987892,0.545475,1,-0.205614
636.087706,-0.170000,0.074098,1.254331,nan,-11.312253,0.181523,1.254331,-0.714278,1.254331,-1.434572,-1.508670,7.616235,1,0.244098
636.289674,-0.250000,0.736238,1.174878,nan,-13.580995,0.196730,1.174878,-0.714278,1.174878,-0.809569,-1.545807,6.483459,1,0.986238
636.480734,-0.330000,0.152659,1.112666,nan,-24.044170,-0.956355,1.112666,-0.232393,1.112666,-3.059636,-3.212295,0.104042,1,0.482659
636.697673,-0.440000,-0.056089,0.964429,nan,-33.736187,-1.294886,1.112666,-0.961744,1.112666,-5.320593,-5.264505,2.547348,1,0.383911
636.881163,-0.500000,0.400018,1.076201,nan,-12.580476,-0.216391,1.076201,0.985005,1.076201,-2.438703,-2.838721,1.247950,1,0.900018
637.081855,-0.550000,-0.312879,0.949270,nan,15.126182,0.441190,-0.109924,-2.997155,-0.109924,-0.386751,-0.073872,3.842931,1,0.237121
637.280626,-0.600000,-0.486050,0.934141,nan,-5.525329,-1.173630,0.934141,-3.589800,0.934141,-2.525025,-2.038975,1.063302,1,0.113950
637.486647,-0.610000,-0.254065,0.864873,nan,1.661895,-0.905091,0.864873,-3.122038,0.864874,-1.679230,-1.425164,2.503334,1,0.355935
637.683651,-0.460000,1.007570,0.854463,nan,8.786624,-1.187812,0.854463,-1.999779,0.854463,-0.473758,-1.481328,3.158068,1,1.467570
637.884476,-0.400000,1.681713,0.926217,nan,4.632968,-1.672597,0.926217,-0.786953,0.926217,-0.964184,-2.645897,4.588861,1,2.081713
638.082512,-0.450000,1.654334,0.866874,nan,12.801969,-2.149407,-1.159709,-5.066458,-1.159709,0.847957,-0.806377,1.325099,1,2.104334
638.297511,-0.430000,1.365416,0.770072,nan,2.583552,-1.707714,0.766743,-4.573940,0.766743,-0.625412,-1.990828,4.222327,1,1.795416
638.486663,-0.490000,1.123494,0.770072,nan,12.039608,-0.781405,-0.876141,-4.115533,-0.876141,0.604556,-0.518938,1.741867,1,1.613494
638.687241,-0.560000,-0.093064,0.738674,nan,2.469610,-0.386743,0.738674,-3.442884,0.738674,-1.450882,-1.357817,5.424664,1,0.466936
638.883648,-0.580000,-0.131813,0.678937,nan,-12.181461,-0.356191,0.678937,-1.220075,0.678937,-2.755201,-2.623388,0.199409,1,0.448187
639.083651,-0.610000,0.099561,0.518973,nan,8.280325,-0.164814,0.518973,-0.337520,0.518973,-0.213219,-0.312780,2.028115,1,0.709561
639.284507,-0.790000,-0.083971,0.522845,nan,7.020883,0.944175,0.557482,0.086592,0.557482,-0.469667,-0.385695,2.008034,1,0.706029
639.480480,-0.950000,-0.714944,0.500779,nan,11.376825,1.177847,0.500779,-1.753210,0.500779,-1.186078,-0.471134,3.196841,1,0.235056
639.680613,-0.980000,-0.342605,0.378107,nan,3.512629,0.386810,0.378107,-0.994245,0.378107,-1.284544,-0.941939,2.656681,1,0.637395
639.880446,-0.970000,0.102278,0.358552,nan,26.953133,0.303299,0.358552,-0.745517,0.358552,2.843894,2.741617,4.272773,1,1.072278
640.082524,-0.930000,-0.316061,0.191739,nan,2.297670,0.786919,0.255625,0.159714,0.255625,-1.340243,-1.024182,3.240940,1,0.613939
640.281560,-0.860000,-0.280388,0.196657,nan,-37.421604,0.852100,0.196657,1.429855,0.196657,-7.552283,-7.271895,3.443980,1,0.579612
640.484768,-0.910000,-0.183060,0.106596,nan,-8.237885,0.718461,-0.214165,-0.801901,-0.214165,-4.355856,-4.172796,1.486824,1,0.726940
640.688506,-0.970000,-0.453895,-0.003235,nan,-9.137733,1.141399,0.098580,-0.065215,0.098580,-3.351080,-2.897185,7.270970,1,0.516105
640.884783,-1.170000,-0.070298,-0.123077,nan,8.837182,1.125010,-1.342717,-3.348704,-1.342717,-0.730147,-0.659849,2.305035,1,1.099702
641.082474,-1.310000,0.592036,-0.200144,nan,19.176083,1.428436,-0.146344,-4.001340,-0.146344,0.153103,-0.438934,0.291251,1,1.902036
641.280495,-1.330000,0.816651,-0.119650,nan,7.133135,0.769691,-0.119650,-4.051968,-0.119650,-1.099514,-1.916164,2.412112,1,2.146651
641.485094,-1.420000,0.651839,-0.119650,nan,14.131629,-0.317718,-0.119650,-4.804215,-0.119650,0.139417,-0.512422,0.010716,1,2.071839
641.684651,-1.530000,-0.138480,-0.303819,nan,27.506754,-0.480757,-0.213946,-0.394612,-0.213946,2.687878,2.826358,5.106887,1,1.391520
641.881613,-1.560000,0.213183,-0.496361,nan,35.537842,-0.168351,-0.496361,-0.394612,-0.496361,3.668030,3.454848,7.184561,1,1.773183
642.084668,-1.560000,-0.044681,-0.443504,nan,-13.602992,0.046155,-0.312703,0.451314,-0.312703,2.536081,2.580762,0.000000,1,1.515319
642.281777,-1.540000,0.619947,-0.588855,nan,1.060195,-0.435537,-0.588855,-0.658454,-0.588855,-1.102418,-1.722366,2.931592,1,2.159947
642.484499,-1.370000,-0.894865,-0.547594,nan,5.116455,0.236480,-0.547594,-2.025905,-0.547594,-0.214603,0.680262,0.528130,1,0.475135
642.683952,-1.100000,-0.878043,-0.644036,nan,27.478836,0.182940,-0.608016,-4.725042,-0.608016,9.268472,10.146514,0.000000,1,0.221958
642.882642,-0.750000,-0.768417,-0.812340,nan,24.739521,-0.297991,-0.812340,1.421054,-0.812340,9.039373,9.807790,0.000000,1,-0.018417
643.080803,-0.450000,-0.798682,-0.720384,nan,16.323280,-0.775968,-0.758360,1.421054,-0.758360,10.023405,10.822087,0.000000,1,-0.348682
643.281540,-0.270000,-0.925943,-0.569075,nan,21.357809,-1.705609,-0.375003,0.863453,-0.375003,9.576333,10.502275,0.000000,1,-0.655943
643.480903,-0.240000,-0.876447,-0.577519,nan,-7.289246,-2.125913,-0.577519,0.863453,-0.577519,6.032359,6.908807,0.000000,1,-0.636447
643.717019,-0.270000,-1.288559,-0.460026,nan,19.184517,-2.009127,-0.777957,-0.578202,-0.777957,10.571892,11.860451,0.000000,1,-1.018559
643.895648,-0.380000,-2.154160,-0.609533,nan,16.526855,-0.734715,-0.609533,1.157438,-0.609533,10.655828,12.809988,0.000000,1,-1.774160
644.084788,-0.480000,-0.421341,-0.671507,nan,14.699701,-0.960355,-0.612748,1.157438,-0.612748,10.640583,11.061924,0.000000,1,0.058659
644.280492,-0.510000,-0.013183,-0.666739,nan,13.233749,-0.197555,-0.666739,1.342695,-0.666739,9.656162,9.837469,0.000000,0,0.496817
644.495515,-0.470000,0.170698,-0.529809,nan,13.233749,0.118318,-0.529809,1.342695,-0.529809,9.656162,9.837469,0.000000,0,0.640698
644.690317,-0.460000,-1.091004,-0.326841,nan,10.265340,0.719870,-0.403883,1.852819,-0.403883,10.910251,12.001255,0.000000,0,-0.631004
644.881556,-0.410000,-0.125402,-0.559919,nan,10.265340,1.444254,-0.559919,-0.203398,-0.559919,10.910251,12.001255,0.000000,0,0.284598
645.080578,-0.360000,-2.044509,-0.517512,nan,10.265340,1.522257,-0.282018,0.744571,-0.282018,10.910251,12.001255,0.000000,0,-1.684509
645.282508,-0.330000,-3.110651,-0.326579,nan,6.840861,0.844717,-0.326579,2.713732,-0.326579,11.283433,14.394083,0.000000,1,-2.780651
645.485826,-0.350000,-2.582191,-0.132636,nan,6.120521,0.946969,-0.132636,2.713732,-0.132636,10.281900,12.787168,0.000000,0,-2.232191
645.710920,-0.280000,-1.784084,-0.112980,nan,5.338286,0.812101,-0.112980,1.507660,-0.112980,13.052890,14.836973,0.000000,0,-1.504084
645.882779,-0.350000,-1.886095,-0.357006,nan,4.649729,1.745379,-0.357006,3.095838,-0.357006,12.735575,14.621670,0.000000,1,-1.536095
646.093509,-0.550000,-1.297446,-0.338461,nan,4.044964,2.426054,-0.015405,0.807642,-0.015405,9.162226,10.459671,0.000000,1,-0.747446
646.282476,-0.760000,-2.375412,-0.206036,nan,3.623165,2.527987,-0.206036,0.557538,-0.206036,11.768476,14.143888,0.000000,0,-1.615412
646.484751,-0.950000,-1.406085,-0.179226,nan,3.476828,3.468538,-0.179226,-0.867972,-0.179226,11.837420,14.101061,0.000000,0,-0.456085
646.718916,-1.150000,-1.917307,-0.245355,nan,3.476828,3.472116,-0.233136,-0.867972,-0.233136,11.837420,14.101061,0.000000,0,-0.767307
646.881091,-1.320000,-1.416091,-0.314701,nan,3.476828,2.920644,-0.314701,-0.867972,-0.314701,11.837420,14.101061,0.000000,0,-0.096091
647.079818,-1.490000,-0.800444,-0.360635,nan,3.476828,2.380443,-0.360635,-0.867972,-0.360635,11.837420,14.101061,0.000000,0,0.689556
647.286648,-1.670000,-0.192150,-0.315474,nan,3.476828,1.864927,-0.315474,-0.867972,-0.315474,11.837420,14.101061,0.000000,0,1.477850
647.487634,-1.820000,0.800143,-0.351046,nan,3.476828,0.842062,-0.351046,-0.867972,-0.351046,11.837420,14.101061,0.000000,0,2.620142
647.728224,-1.940000,1.348584,-0.535820,nan,3.476828,2.154089,-0.535820,-0.867972,-0.535820,11.837420,14.101061,0.000000,0,3.288584
647.889505,-2.050000,0.824369,-0.621253,nan,1.398802,2.557422,-0.621253,-3.295630,-0.621253,9.860509,9.440519,0.000000,0,2.874369
648.081558,-2.160000,-0.473145,-0.734264,nan,1.272405,1.458880,-0.621253,-5.193897,-0.621253,9.532204,8.717562,0.000000,0,1.686855
648.280572,-2.220000,-2.654830,-0.793808,nan,1.026090,0.517424,-0.793808,-4.891836,-0.793808,8.144247,10.799078,0.000000,0,-0.434830
648.485272,-2.680000,-1.973849,-0.774229,nan,0.888949,0.817664,-1.451142,-1.692282,-1.451142,10.857203,12.831052,0.000000,1,0.706151
648.728918,-2.750000,-3.673756,-0.857909,nan,0.790983,1.357203,-0.857909,-1.194803,-0.857909,8.878651,12.160614,0.000000,0,-0.923756
648.882729,-2.940000,-3.018235,-1.125098,nan,0.729847,0.853303,-0.857909,-1.194803,-0.857909,9.311921,12.455313,0.000000,0,-0.078235
649.081707,-3.190000,-3.577206,-1.125098,nan,0.608194,0.714931,-1.125098,-0.133080,-1.125098,9.046407,12.623613,0.000000,1,-0.387206
649.285640,-3.240000,-3.312455,-1.506841,nan,0.536615,1.329873,-1.506841,-1.191222,-1.506841,8.559246,11.871701,0.000000,1,-0.072455
649.491856,-3.070000,-4.842895,-1.379528,nan,0.467579,0.717739,-1.379528,-1.191222,-1.379528,11.246966,16.089861,0.000000,1,-1.772895
649.739488,-2.780000,-2.457471,-1.557065,nan,-45.194584,-0.387309,-1.557065,-0.501715,-1.557065,1.971403,4.428874,0.000000,1,0.322529
649.880847,-2.580000,-1.257162,-1.730301,nan,3.947155,-0.893478,-1.730301,-0.501715,-1.730301,10.724474,11.981636,0.000000,1,1.322838
650.081835,-2.280000,-2.582604,-1.606074,nan,4.284152,-0.904228,-1.606074,-0.501715,-1.606075,5.222914,7.805518,11.449584,1,-0.302604
650.294615,-2.080000,-2.802771,-1.509055,nan,-15.534801,-1.320664,-1.509055,-9.940095,-1.509055,1.646073,4.448844,4.595449,1,-0.722771
650.480696,-1.790000,-2.733298,-1.534498,nan,-23.205856,-2.019181,-1.534498,-9.940095,-1.534498,0.876440,3.609738,1.674749,1,-0.943298
650.734279,-1.510000,-2.652316,-1.324657,nan,3.018890,-3.684205,-1.324657,-9.940095,-1.324657,5.514749,8.167065,9.966131,1,-1.142316
650.881544,-1.380000,-2.266924,-1.234851,nan,10.207116,-3.550094,-1.234851,-9.940095,-1.234851,11.911586,14.178511,0.000000,1,-0.886924
651.084759,-1.320000,-2.283907,-1.117531,nan,-7.728491,-3.657314,-1.117531,-9.940095,-1.117531,3.495433,5.779340,5.954659,1,-0.963907
651.280484,-1.330000,-2.424371,-0.930238,nan,-21.070686,-2.768042,-0.987381,-6.806772,-0.987381,1.288972,3.713343,1.219990,1,-1.094371
651.481195,-1.320000,-1.706007,-0.856585,nan,-18.124218,-3.265805,-3.116216,-5.649076,-3.116216,2.060834,3.766841,2.433533,1,-0.386007
651.681561,-1.290000,-1.404361,-0.733975,nan,15.916361,-3.162371,-2.371272,-4.093244,-2.371272,11.576262,12.980623,0.000000,1,-0.114361
651.883652,-1.140000,-1.085626,-0.556365,nan,-20.980598,-2.109961,-2.196324,-4.099899,-2.196324,1.552182,2.637807,1.331853,1,0.054374
652.081545,-0.930000,0.064191,-0.448083,nan,17.048483,-2.734444,-2.291008,-4.607312,-2.291008,10.576107,10.511916,0.000000,1,0.994191
652.281546,-0.820000,-0.507374,-0.109088,nan,17.622890,-2.343641,-1.108360,-2.008689,-1.108360,6.404663,6.912036,10.367874,1,0.312626
652.482527,-0.750000,-0.833870,-0.186657,nan,3.693510,-2.705161,-2.032524,-4.614666,-2.032524,3.708785,4.542655,4.533888,1,-0.083870
652.684651,-0.690000,-0.074222,-0.007341,nan,2.034532,-2.612284,-2.501968,-6.236567,-2.501968,4.633553,4.707776,6.993013,1,0.615778
652.885480,-0.660000,-0.564837,0.175770,nan,-2.384573,-1.959949,0.175770,-7.062789,0.175770,3.689275,4.254112,4.238661,1,0.095163
653.079842,-0.760000,-0.551291,0.287200,nan,-14.593676,-2.140604,0.287200,-4.422185,0.287200,2.103347,2.654638,1.364156,1,0.208709
653.291517,-0.810000,-0.672825,0.472972,nan,-31.727999,-0.792354,-1.851949,-5.426289,-1.851949,0.380353,1.053178,1.380310,1,0.137175
653.482493,-0.850000,-1.682165,0.472972,nan,-15.157710,0.022531,0.472972,-4.265839,0.472972,1.970222,3.652387,0.675366,1,-0.832165
653.681581,-0.880000,-1.514660,0.570423,nan,3.566043,0.535398,0.570423,-4.265839,0.570423,3.982384,5.497044,6.013711,1,-0.634660
653.882649,-1.010000,-0.835931,0.680851,nan,6.463370,-0.277826,-2.523340,-8.010478,-2.523340,4.827899,5.663830,8.066985,1,0.174069
654.082507,-1.160000,-1.035906,0.715186,nan,-0.123008,-1.197061,0.715186,-5.325475,0.715186,2.454195,3.490101,3.991053,1,0.124094
654.280479,-1.280000,-1.230523,0.826713,nan,-21.122675,-0.636111,0.826713,-3.351825,0.826713,0.748600,1.979123,0.367667,1,0.049477
654.481597,-1.390000,-1.361113,0.731823,nan,-18.668768,0.186866,0.731823,-3.321226,0.731823,0.897455,2.258568,0.107492,1,0.028887
654.679547,-1.490000,-0.148183,0.829509,nan,-14.091033,-0.303711,0.829509,-3.319916,0.829509,1.025917,1.174099,1.186483,1,1.341817
654.882575,-1.510000,-0.018691,0.879687,nan,23.799297,0.774574,0.879687,-4.585842,0.879687,4.638518,4.657209,8.598424,1,1.491309
655.082497,-1.530000,0.162914,0.867787,nan,-0.161273,0.519368,-0.246284,-2.785177,-0.246284,2.350878,2.187964,4.402377,1,1.692914
655.281566,-1.540000,0.444027,0.807524,nan,-6.037577,0.652383,0.807524,-1.594762,0.807524,2.328683,1.884656,3.950665,1,1.984027
655.487250,-1.580000,0.057645,0.803060,nan,-17.591028,0.804130,0.803060,-1.174629,0.803060,0.841887,0.784242,1.356509,1,1.637645
655.680725,-1.610000,-0.267873,0.825270,nan,-11.346373,0.574475,-0.640131,-3.663502,-0.640131,0.478403,0.746276,0.031406,1,1.342127
655.885485,-1.620000,0.194988,0.728351,nan,-0.621911,0.219635,0.728351,-3.663502,0.728351,2.153035,1.958047,2.516194,1,1.814988
656.079782,-1.650000,-0.070274,0.822120,nan,-18.578918,0.421228,0.822120,-3.278156,0.822120,-0.291579,-0.221305,0.697516,1,1.579726
656.280681,-1.600000,-0.195121,0.801225,nan,-8.481359,0.747017,0.789387,-4.644165,0.789387,-0.178159,0.016962,1.204493,1,1.404879
656.483857,-1.520000,-1.094511,0.806568,nan,-14.801647,1.445648,-0.363724,-2.925730,-0.363724,-1.108911,-0.014400,3.208716,1,0.425489
656.679621,-1.430000,-1.010181,0.758757,nan,6.133475,1.816242,-0.258709,-2.543667,-0.258709,2.569585,3.579766,3.930286,1,0.419819
656.880569,-1.320000,-1.614679,0.798220,nan,-2.907485,1.593700,-0.888942,-3.953502,-0.888942,0.446592,2.061271,0.304772,1,-0.294679
657.081549,-1.230000,-1.966235,0.908297,nan,19.225090,1.839011,-1.699327,-6.519061,-1.699327,4.267672,6.233907,7.791334,1,-0.736235
657.280616,-1.140000,-2.357984,0.804175,nan,-9.252585,1.115952,0.804175,-4.998320,0.804175,-0.023573,2.334411,2.535684,1,-1.217984
657.495731,-1.060000,-2.242317,0.871704,nan,-25.075994,1.225809,0.871704,-7.585095,0.871704,-1.905322,0.336995,3.861462,1,-1.182317
657.680609,-0.960000,-1.153140,0.872796,nan,-46.713940,0.106192,0.872796,-4.883416,0.872796,-6.930420,-5.777280,3.101666,1,-0.193140
657.881822,-0.890000,-1.772786,0.806819,nan,-25.760275,2.604396,0.806819,-1.230427,0.806819,-3.751771,-1.978984,3.916478,1,-0.882787
658.080860,-0.820000,-1.799099,0.970974,nan,-2.557512,1.775078,0.178568,-1.981015,0.178568,-0.524605,1.274494,3.313159,1,-0.979099
658.281473,-0.800000,0.075716,1.043556,nan,-14.889613,1.010616,1.043556,-2.749728,1.043556,-2.140205,-2.215920,0.108139,1,0.875716
658.497686,-0.760000,0.132120,1.002461,nan,-37.027042,0.795302,1.002461,-2.611094,1.002461,-5.841434,-5.973555,5.260548,1,0.892120
658.686645,-0.790000,0.338682,1.205179,nan,-16.039621,0.573124,1.205179,-1.558056,1.205179,-3.831543,-4.170225,6.107442,1,1.128682
658.883716,-0.830000,0.405518,1.065824,nan,-29.620110,-0.494325,1.065824,-1.482276,1.065824,-6.161658,-6.567176,3.363378,1,1.235518
659.084771,-0.840000,0.734150,1.171859,nan,-35.745773,0.430231,1.171859,-1.525666,1.171859,-7.050563,-7.784713,3.366559,1,1.574150
659.280962,-0.840000,-0.092645,1.103243,nan,-30.827291,1.838735,1.059513,-0.109323,1.059513,-6.927164,-6.834518,1.043455,1,0.747355
659.493734,-0.850000,0.089782,1.024176,nan,-14.399045,1.771615,0.688508,-0.839171,0.688508,-5.157120,-5.246902,3.999917,1,0.939782
659.680688,-0.850000,1.238551,0.963853,nan,-5.891290,1.699594,0.963853,1.443979,0.963853,-4.241652,-5.480203,0.689665,1,2.088551
659.888507,-0.880000,1.721304,0.983280,nan,-15.564985,0.463457,0.983280,3.140855,0.983280,-5.897094,-7.618398,0.983134,1,2.601304
660.085647,-0.920000,1.400263,1.040031,nan,-14.839562,-0.848253,1.040031,4.178302,1.040031,-4.516135,-5.916398,4.574869,1,2.320263
660.279630,-0.930000,1.235186,1.002874,nan,-18.379723,-0.243301,3.317212,5.785846,3.317212,-6.719001,-7.954187,1.136977,1,2.165186
660.482868,-0.920000,0.468280,0.742535,nan,9.886010,0.862826,0.742535,3.799046,0.742535,-3.651886,-4.120165,0.727503,1,1.388280
660.680453,-0.880000,0.329645,0.730938,nan,-15.474132,0.572891,0.730938,4.001705,0.730938,-6.252529,-6.582174,0.502078,1,1.209645
660.881779,-0.850000,0.491195,0.518347,nan,-5.633753,0.915358,0.666605,5.829822,0.666605,-4.842163,-5.333358,1.378030,1,1.341195
661.080729,-0.710000,0.967340,0.397322,nan,3.592688,0.517954,0.518347,4.458510,0.518347,-3.863843,-4.831183,0.236648,1,1.677340
661.282472,-0.480000,0.726209,0.433789,nan,-15.363056,0.051825,0.433789,2.795352,0.433789,-5.393113,-6.119322,1.984379,1,1.206209
661.493766,-0.570000,1.669616,0.345679,nan,28.616938,-0.736610,0.345679,4.056624,0.345679,0.077818,-1.591799,4.276575,1,2.239616
661.683482,-0.580000,1.377135,0.313121,nan,31.265150,-0.415401,2.078363,4.413105,2.078363,0.889054,-0.488080,2.467859,1,1.957135
661.880650,-0.560000,1.724832,0.333925,nan,21.788107,-0.410298,0.374074,2.856630,0.374074,0.423806,-1.301026,3.914378,1,2.284832
662.081615,-0.500000,2.389046,0.313310,nan,21.689806,-0.360803,0.333925,5.634872,0.333925,0.059992,-2.329055,3.823203,1,2.889046
662.284837,-0.550000,2.910399,0.336738,nan,32.258415,-1.093955,2.046252,4.273786,2.046252,2.035977,-0.874423,0.243657,1,3.460399
662.480528,-0.540000,3.210880,0.348358,nan,18.659094,-0.981231,0.348358,2.735617,0.348358,1.491070,-1.719810,2.214805,1,3.750880
662.691741,-0.570000,1.355635,0.317643,nan,16.351353,-0.267737,0.317643,2.730710,0.317643,0.704345,-0.651289,2.501323,1,1.925635
662.881629,-0.820000,2.009688,0.292334,nan,10.043959,-0.696773,1.220156,2.319556,1.220156,0.682211,-1.327476,2.402554,1,2.829688
663.080781,-0.990000,1.973879,0.050944,nan,28.219273,-0.945988,0.290003,2.965718,0.290003,2.938272,0.964393,2.146903,1,2.963879
663.286639,-1.110000,0.544114,0.069175,nan,17.862427,-0.124683,0.069175,0.479892,0.069175,1.736181,1.192067,0.353289,1,1.654114
663.483198,-1.210000,0.205357,0.069175,nan,3.092616,-0.236511,0.057645,-0.028827,0.057645,-0.504544,-0.709901,3.777644,1,1.415357
663.681917,-1.210000,-0.383573,-0.033294,nan,20.465218,0.075316,0.262096,0.611760,0.262096,2.078332,2.461905,1.452785,1,0.826427
663.896518,-1.190000,0.031646,-0.055924,nan,23.780800,-0.177324,-0.033294,0.612225,-0.033294,2.462974,2.431328,2.252302,1,1.221646
664.095507,-1.200000,1.284897,-0.150056,nan,35.585472,0.095956,-0.150056,2.657623,-0.150056,4.715013,3.430116,6.198683,1,2.484897
664.282474,-1.170000,0.848557,-0.052092,nan,7.914815,0.239552,-0.150056,1.937565,-0.150056,6.048438,5.199881,0.000000,1,2.018557
664.481616,-1.240000,1.117306,-0.234991,nan,21.904959,-0.783956,-0.234991,-0.633905,-0.234991,2.408975,1.291668,2.279317,1,2.357306
664.686641,-1.230000,0.668165,-0.107999,nan,-11.186241,-1.132030,-0.355500,-0.618751,-0.355500,2.605751,1.937587,0.000000,1,1.898165
664.892721,-1.390000,-0.034243,-0.164485,nan,0.317619,-1.494318,-0.148675,-2.582042,-0.148675,0.552851,0.587094,1.723989,1,1.355757
665.083552,-1.550000,-1.067536,-0.227889,nan,30.096983,-0.389334,-0.227889,0.877754,-0.227889,9.482831,10.550367,0.000000,1,0.482464
665.281612,-1.640000,-1.396179,-0.407936,nan,29.534029,-0.501935,-0.407936,-0.222818,-0.407936,8.384577,9.780756,0.000000,1,0.243821
665.483628,-1.650000,-1.114531,-0.420319,nan,27.495066,0.064512,0.023815,1.110335,0.023815,8.515633,9.630163,0.000000,1,0.535469
665.683480,-1.580000,-1.262945,-0.575077,nan,2.214013,0.526583,-0.575077,-0.713438,-0.575077,2.141340,3.404285,2.522356,1,0.317055
665.906782,-1.420000,-1.096650,-0.632654,nan,9.945698,1.100153,-0.974424,-0.854423,-0.974424,1.750601,2.847251,1.540166,1,0.323350
666.080521,-1.260000,-0.370994,-0.670573,nan,-1.715298,1.114836,-1.437697,-1.917809,-1.437697,0.988122,1.359116,1.023951,1,0.889006
666.287642,-1.080000,-0.642842,-0.542060,nan,-10.076324,1.186612,-0.266924,0.687841,-0.266924,1.221722,1.864564,1.068512,1,0.437158
666.481770,-0.950000,-0.054231,-0.604484,nan,-14.742402,0.965723,-0.604484,-0.588565,-0.604484,-0.377116,-0.322885,4.601684,1,0.895769
666.681604,-0.900000,-0.180921,-0.578533,nan,8.190557,0.175899,-0.484235,0.235743,-0.484235,2.918628,3.099548,2.017294,1,0.719079
666.923944,-0.880000,-0.519211,-0.573229,nan,7.086802,1.211154,-0.573229,3.592493,-0.573229,3.987707,4.506918,3.926556,1,0.360789
667.092730,-0.860000,-0.870688,-0.516897,nan,-22.284731,0.732179,-0.516897,2.159524,-0.516897,-1.320951,-0.450263,6.751062,1,-0.010688
667.282474,-0.920000,0.100587,-0.574936,nan,-27.446032,0.378743,1.106019,4.202389,1.106019,2.262973,2.162387,0.000000,1,1.020586
667.483499,-0.960000,-0.636579,-0.570138,nan,-6.347970,1.132298,-0.570138,4.202389,-0.570138,1.447841,2.084420,0.895098,1,0.323421
667.680526,-0.940000,-1.059907,-0.566934,nan,13.709597,0.378750,-0.566934,4.202389,-0.566934,5.925134,6.985041,6.815735,1,-0.119907
667.936007,-0.860000,-0.193047,-0.522193,nan,-12.823872,-0.260858,-0.522193,4.205119,-0.522193,1.099114,1.292161,1.979850,1,0.666953
668.081679,-0.750000,-0.428678,-0.532109,nan,1.904613,0.020491,1.194190,4.315747,1.194190,2.937776,3.366453,1.251540,1,0.321322
668.281611,-0.570000,0.090310,-0.551640,nan,4.592882,-0.987246,0.157612,1.773131,0.157612,3.707517,3.617207,2.543841,1,0.660310
668.482589,-0.340000,0.292559,-0.579190,nan,-22.318945,-0.640010,-0.579190,1.468683,-0.579190,-0.108907,-0.401466,5.388632,1,0.632559
668.691677,-0.150000,-0.048618,-0.504669,nan,5.217346,-0.525500,-0.504669,0.634258,-0.504669,3.243741,3.292359,0.519484,1,0.101382
668.939296,-0.010000,0.921546,-0.455854,nan,-15.727989,-0.735866,1.119213,3.937666,1.119213,0.173780,-0.747766,5.188147,1,0.931546
669.083523,0.040000,0.713877,-0.467011,nan,-16.264307,-0.033271,0.639556,2.766418,0.639556,1.265487,0.551609,3.949041,1,0.673877
669.287645,0.110000,0.401306,-0.510416,nan,-9.570432,-0.591492,-0.510416,1.252106,-0.510416,1.652087,1.250781,3.140885,1,0.291306
669.480406,0.210000,0.595517,-0.447946,nan,-6.301186,-0.948413,-0.447946,-0.475905,-0.447946,1.386439,0.790922,4.341608,1,0.385517
669.681616,0.270000,0.338047,-0.316246,nan,1.968404,-1.510656,-0.316246,1.041746,-0.316246,3.370257,3.032210,0.042073,1,0.068047
669.883497,0.300000,-0.234723,-0.303269,nan,8.497132,-1.114368,-0.303269,1.125566,-0.303269,5.062188,5.296912,2.826878,1,-0.534723
670.081483,0.290000,0.271406,-0.344487,nan,-0.990059,-0.697481,-0.344487,0.520982,-0.344487,2.763165,2.491760,1.380692,1,-0.018594
670.283478,0.300000,-0.008464,-0.341052,nan,-7.898322,-1.225130,-0.341052,-2.299273,-0.341052,2.377661,2.386124,3.690293,1,-0.308464
670.487506,0.320000,0.588627,-0.399346,nan,1.255477,-0.916619,-0.399346,-2.605976,-0.399346,3.281802,2.693175,1.349774,1,0.268627
670.682507,0.350000,-0.208363,-0.305584,nan,-3.480670,-0.780833,-0.305584,-0.107112,-0.305584,2.519028,2.727392,1.514390,1,-0.558363
670.883515,0.370000,0.516980,-0.232216,nan,-0.097077,-1.508489,-0.165698,0.941237,-0.165698,2.954696,2.437716,0.786708,1,0.146980
671.083503,0.410000,0.757223,-0.198855,nan,0.100343,-2.296253,0.162446,0.903253,0.162446,2.648759,1.891536,2.319155,1,0.347223
671.280663,0.390000,-0.706639,-0.253088,nan,1.540736,-1.298415,-0.253088,1.125326,-0.253088,3.504448,4.211087,0.894795,1,-1.096639
671.487486,0.320000,-0.177129,-0.151085,nan,13.841273,-0.857135,-0.151085,1.125326,-0.151085,4.023804,4.200933,0.988109,1,-0.497129
671.683483,0.410000,2.211932,-0.184375,nan,15.919482,-0.898751,-0.184375,1.125326,-0.184375,4.671291,2.459359,3.023309,1,1.801932
671.880517,0.510000,2.819552,-0.055563,nan,28.064735,-0.244128,-0.055563,-1.219542,-0.055563,12.950778,10.131226,0.000000,1,2.309552
672.087648,0.550000,1.479267,0.036716,nan,24.852947,0.821197,0.036716,-0.811084,0.036716,10.598843,9.119576,0.000000,1,0.929267
672.282561,0.580000,1.438640,0.077589,nan,22.180416,1.025774,0.077589,-1.914279,0.077589,11.167408,9.728767,0.000000,1,0.858640
672.482555,0.570000,0.903781,0.035890,nan,19.574862,1.088443,0.035890,-1.872182,0.035890,14.531106,13.627325,0.000000,1,0.333781
672.681613,0.470000,0.728391,0.165802,nan,17.378290,1.155234,0.165802,-1.222788,0.165802,13.490605,12.762215,0.000000,1,0.258391
672.883815,0.380000,-0.064474,0.279720,nan,15.313180,1.736529,0.279720,-0.603651,0.279720,10.704266,10.768740,0.000000,1,-0.444474
673.087508,0.280000,0.299202,0.548794,nan,13.519308,1.624619,0.434076,-1.469337,0.434076,12.167517,11.868315,0.000000,1,0.019202
673.284650,0.170000,-0.456712,0.634570,nan,11.861492,2.685273,0.634570,-0.497920,0.634570,11.781185,12.237897,0.000000,1,-0.626712
673.488604,0.070000,-0.484502,0.652493,nan,10.445638,2.740463,0.652493,1.619210,0.652493,11.768477,12.252980,0.000000,1,-0.554502
673.692621,-0.080000,0.075009,0.726084,nan,9.712198,2.515892,0.227056,-1.247570,0.227056,11.967302,11.892294,0.000000,1,0.155009
673.882761,-0.250000,-0.098371,0.803337,nan,8.703252,3.424891,0.839857,0.091300,0.839857,11.905706,12.004077,0.000000,0,0.151629
674.082657,-0.380000,0.312361,0.842770,nan,7.511699,3.912935,-0.752726,-3.988739,-0.752726,13.094827,12.782466,0.000000,1,0.692361
674.281723,-0.470000,-0.493055,1.037899,nan,-22.327074,4.820905,1.037899,-2.765795,1.037899,1.563662,2.056717,0.832968,1,-0.023055
674.481515,-0.550000,-1.550771,0.970823,nan,-22.406507,4.624228,0.970823,0.495307,0.970823,1.371811,2.922582,0.419885,1,-1.000771
674.684644,-0.670000,-0.145725,1.050135,nan,1.768239,3.725419,0.332372,-1.794406,0.332372,4.261625,4.407350,6.383665,1,0.524275
674.882559,-0.850000,0.547555,1.189641,nan,10.738101,2.717929,1.189641,-4.399757,1.189641,10.047128,9.499573,0.000000,1,1.397555
675.081872,-1.000000,0.771489,1.178149,nan,9.445007,2.785941,1.178149,-6.836905,1.178149,9.708587,8.937098,0.000000,1,1.771489
675.280419,-1.140000,1.723394,1.284736,nan,8.339898,1.414704,1.284736,-7.009971,1.284736,11.539766,9.816372,0.000000,1,2.863394
675.488650,-1.200000,1.661691,1.160712,nan,7.208328,1.327622,1.160712,-5.445470,1.160712,10.549181,8.887489,0.000000,1,2.861691
675.687726,-1.250000,0.648592,1.157547,nan,6.694138,1.592340,1.157547,-2.216691,1.157547,9.571979,8.923387,0.000000,1,1.898592
675.885772,-1.340000,0.736828,1.214989,nan,7.660216,1.514564,1.214989,-2.448426,1.214989,11.516432,10.779603,0.000000,1,2.076828
676.087703,-1.440000,0.903662,1.146312,nan,9.267632,1.737162,1.146312,-2.420782,1.146312,9.410401,8.506740,0.000000,1,2.343662
676.280683,-1.520000,1.040730,1.033822,nan,8.388521,1.202985,1.033822,-2.894417,1.033822,9.728447,8.687717,0.000000,1,2.560730
676.482466,-1.590000,0.687931,1.022700,nan,7.352126,0.731432,1.022700,-8.038853,1.022700,8.295473,7.607542,0.000000,1,2.277931
676.680434,-1.650000,-0.018212,0.968628,nan,6.530842,0.660138,-2.110196,-7.570347,-2.110196,9.574889,9.593102,0.000000,0,1.631788
676.881670,-1.710000,-1.287024,0.863949,nan,6.530842,0.869100,0.875338,-6.443212,0.875338,9.574889,9.593102,0.000000,0,0.422976
677.082752,-1.760000,-1.455522,0.782991,nan,6.530842,1.802577,0.782991,-6.443212,0.782991,9.574889,9.593102,0.000000,0,0.304478
677.293645,-1.830000,-1.711747,0.743957,nan,6.530842,1.830494,0.743957,-5.291487,0.743957,9.574889,9.593102,0.000000,0,0.118253
677.482481,-1.870000,-1.312178,0.721329,nan,6.530842,0.668221,0.721329,-9.550645,0.721329,9.574889,9.593102,0.000000,0,0.557822
677.680415,-1.910000,-1.198597,0.618720,nan,6.530842,1.146555,0.618720,-6.853244,0.618720,9.574889,9.593102,0.000000,0,0.711403
677.880429,-1.960000,-1.221326,0.640488,nan,6.530842,0.357460,0.640488,-5.958859,0.640488,9.574889,9.593102,0.000000,0,0.738674
678.080415,-1.980000,-0.824713,0.559676,nan,6.530842,0.636446,-1.828216,-5.969728,-1.828216,9.574889,9.593102,0.000000,0,1.155287
678.281527,-1.880000,-0.613200,0.544086,nan,6.530842,-0.101227,0.544086,-5.520529,0.544086,9.574889,9.593102,0.000000,0,1.266800
678.480601,-1.760000,-0.407125,0.471894,nan,6.530842,-0.133627,0.471894,-4.417984,0.471893,9.574889,9.593102,0.000000,0,1.352875
678.680473,-1.660000,-0.043027,0.510204,nan,6.530842,-0.834734,0.510204,-5.919311,0.510204,9.574889,9.593102,0.000000,0,1.616973
678.881556,-1.610000,-0.646147,0.559300,nan,6.530842,-1.230027,-1.913110,-6.181027,-1.913110,9.574889,9.593102,0.000000,0,0.963853
679.094505,-1.740000,-0.895439,0.485797,nan,6.530842,-1.563726,-2.624209,-7.775015,-2.624209,9.574889,9.593102,0.000000,0,0.844561
679.286507,-1.950000,-0.854069,0.386643,nan,6.530842,-0.877393,0.386643,-7.172436,0.386643,9.574889,9.593102,0.000000,0,1.095931
679.482562,-2.250000,-0.807675,0.364173,nan,6.530842,-0.466282,0.364173,-5.412721,0.364173,9.574889,9.593102,0.000000,0,1.442325
679.680418,-2.380000,-1.055716,0.065854,nan,6.530842,-0.042461,0.297667,-5.970877,0.297667,9.574889,9.593102,0.000000,0,1.324284
679.886648,-2.260000,0.309400,0.144599,nan,6.530842,0.551967,0.144599,-5.970877,0.144599,9.574889,9.593102,0.000000,0,2.569400
680.080651,-2.010000,0.650167,-0.072769,nan,6.530842,-0.208088,-2.569396,-6.241567,-2.569396,9.574889,9.593102,0.000000,0,2.660167
680.283630,-1.700000,0.704456,-0.086449,nan,6.530842,-1.818927,-0.086449,-5.795680,-0.086449,9.574889,9.593102,0.000000,0,2.404456
680.482630,-1.310000,0.900565,-0.125702,nan,6.530842,-1.947069,-0.125702,-7.786664,-0.125702,9.574889,9.593102,0.000000,0,2.210565
680.689505,-1.050000,1.164619,-0.272547,nan,6.530842,-2.657587,-0.272547,-5.618023,-0.272547,9.574889,9.593102,0.000000,0,2.214619
680.894508,-0.890000,0.597980,-0.289052,nan,6.196157,-2.975287,-1.984134,-4.237705,-1.984134,9.652654,9.054673,0.000000,1,1.487980
681.110057,-0.770000,0.547801,-0.327390,nan,5.880558,-3.560029,-0.327390,-4.237705,-0.327390,11.470111,10.932265,0.000000,0,1.317801
681.280601,-0.800000,-0.179024,-0.364411,nan,4.864793,-3.488109,-0.322224,-5.633497,-0.322224,8.088727,8.267751,0.000000,1,0.620976
681.481749,-0.800000,-0.383615,-0.364411,nan,-16.079199,-2.434271,-0.364411,-3.079478,-0.364411,3.305851,3.689466,3.793440,1,0.416385
681.680620,-0.690000,-0.440990,-0.273910,nan,5.327347,-2.991644,-0.291400,-3.079478,-0.291400,6.333618,6.774608,10.580581,1,0.249010
681.881566,-0.510000,-0.535630,-0.310344,nan,-20.074863,-3.118302,-0.273910,-5.346416,-0.273910,2.148909,2.684539,1.351132,1,-0.025630
682.082727,-0.240000,-0.208062,-0.223063,nan,-10.011802,-2.426071,-0.310344,-5.346416,-0.310344,3.809230,4.017293,4.476346,1,0.031938
682.285627,-0.080000,0.452430,-0.151184,nan,-15.703582,-3.671329,-0.151184,-1.622496,-0.151184,3.495912,3.043482,2.815574,1,0.532430
682.485724,-0.020000,0.531662,0.130511,nan,-20.426043,-3.263222,0.130511,-0.803049,0.130511,2.038257,1.506595,0.110627,1,0.551662
682.682474,-0.100000,0.398882,0.167236,nan,16.452396,-2.995802,0.167236,0.963887,0.167236,8.424731,8.025849,0.000000,1,0.498882
682.894673,-0.220000,1.160824,0.291813,nan,-2.891850,-2.304822,0.291813,-0.077056,0.291813,4.052625,2.891801,4.266967,1,1.380824
683.081533,-0.340000,1.280826,0.327729,nan,2.840382,-1.892326,0.179835,-0.681464,0.179835,3.764392,2.483566,4.507608,1,1.620826
683.280592,-0.500000,0.081331,0.235081,nan,-25.337296,-0.399342,0.235081,-0.681464,0.235081,0.810184,0.728853,1.428592,1,0.581331
683.481686,-0.570000,-0.402906,0.429636,nan,-18.422831,1.054740,0.429636,-1.210769,0.429636,0.043577,0.446483,2.580861,1,0.167094
683.684492,-0.660000,-0.249547,0.342205,nan,-45.215061,0.324847,1.266076,2.309676,1.266076,-3.668378,-3.418831,0.448486,1,0.410453
683.883646,-0.710000,0.091731,0.176404,nan,-22.550247,0.459076,0.640733,1.160822,0.640733,-0.636626,-0.728357,3.550337,1,0.801731
684.082860,-0.760000,-0.148435,0.188802,nan,-12.980457,0.974081,0.188802,1.160822,0.188802,-0.500605,-0.352170,3.543676,1,0.611565
684.283156,-0.820000,0.287027,0.063894,nan,-11.688629,0.673110,0.063894,0.572065,0.063894,-0.079088,-0.366115,2.500321,1,1.107027
684.481485,-0.960000,-0.018149,0.061190,nan,-15.469530,0.768203,1.418044,3.392137,1.418044,-0.323841,-0.305692,1.828196,1,0.941851
684.680615,-1.120000,-0.088543,-0.036954,nan,-7.322236,0.426839,-0.036954,5.656555,-0.036954,-1.240974,-1.152431,3.608006,1,1.031457
684.880445,-1.330000,-0.904057,-0.157605,nan,-11.756636,1.735613,-0.157605,3.316645,-0.157605,-1.490476,-0.586419,3.735380,1,0.425943
685.123814,-1.480000,-0.213985,-0.204391,nan,4.347405,1.884487,0.725110,2.323753,0.725110,0.396401,0.610386,1.010505,1,1.266016
685.293510,-1.610000,-0.039374,-0.169919,nan,-3.187799,1.683639,-0.169919,0.421352,-0.169919,-0.912971,-0.873597,1.533477,1,1.570626
685.486484,-1.730000,-0.525283,-0.180496,nan,-3.338159,1.445797,-0.180496,1.168788,-0.180496,-0.169884,0.355399,0.707237,1,1.204717
685.680386,-1.800000,-0.642285,-0.531051,nan,10.403271,0.353012,-0.531051,1.995539,-0.531051,0.721688,1.363973,0.897402,1,1.157715
685.889506,-1.860000,-0.697798,-0.565745,nan,-11.678308,1.408006,-0.565745,0.600388,-0.565745,-2.063639,-1.365842,3.201643,1,1.162202
686.108952,-1.870000,-1.053052,-0.577533,nan,-15.995667,1.307375,0.620024,2.993892,0.620024,-2.375198,-1.322146,4.068668,1,0.816948
686.283166,-1.830000,-0.444221,-0.754370,nan,-17.209316,0.750824,-0.754370,4.220381,-0.754370,-3.060052,-2.615831,6.503313,1,1.385779
686.481724,-1.830000,-0.220680,-0.781770,nan,2.548373,0.005799,-0.781770,2.032497,-0.781770,-0.627383,-0.406703,0.753606,1,1.609320
686.680385,-1.900000,-0.140650,-0.854094,nan,6.683899,-0.976052,-0.468755,0.876348,-0.468755,-0.829315,-0.688665,1.121990,1,1.759349
686.882578,-1.990000,-0.155164,-0.854094,nan,-2.916304,-1.682987,-0.854094,0.876348,-0.854094,-1.480845,-1.325680,2.199849,1,1.834836
687.119752,-2.090000,-0.300259,-1.074132,nan,-9.334692,-1.464298,-0.972174,-1.259961,-0.972174,-2.723104,-2.422845,5.088027,1,1.789741
687.283502,-2.060000,-0.957144,-1.183915,nan,-24.317657,-0.443703,-1.236180,-0.130664,-1.236180,-5.130290,-4.173145,0.101156,1,1.102855
687.481090,-1.960000,-0.994235,-1.225809,nan,-16.477583,-0.443099,-1.225809,0.379121,-1.225809,-3.760095,-2.765860,3.148726,1,0.965765
687.680662,-1.990000,-0.812973,-1.215256,nan,4.097682,0.717949,-0.480847,1.646681,-0.480847,-2.537806,-1.724833,3.807935,1,1.177027
687.880459,-2.000000,-0.861241,-1.288513,nan,9.044889,-0.014055,-1.288513,1.828309,-1.288513,-1.474257,-0.613016,1.704491,1,1.138759
688.179655,-2.030000,-0.752445,-1.209222,nan,-16.843485,0.319116,-1.263986,-1.995687,-1.263986,-5.561130,-4.808685,0.236237,1,1.277555
688.293507,-2.020000,-1.457309,-1.384013,nan,-12.844995,0.683452,-1.209222,-1.995687,-1.209222,-4.575542,-3.118232,4.593365,1,0.562690
688.482818,-2.030000,-1.918788,-1.384013,nan,-12.968327,-0.413569,-2.795701,-3.529219,-2.795701,-3.205828,-1.287040,6.003341,1,0.111212
688.686510,-2.050000,-2.383896,-1.334706,nan,-22.087875,0.788306,-1.596344,-0.526957,-1.596344,-6.424910,-4.041014,0.179588,1,-0.333896
688.885762,-2.060000,-2.946405,-1.412976,nan,-20.035961,0.462087,-2.022581,-1.524014,-2.022581,-5.845048,-2.898643,0.889293,1,-0.886405
689.143940,-2.090000,-2.296974,-1.448235,nan,-11.999587,-0.420748,-1.448235,-4.735939,-1.448235,-5.673411,-3.376437,0.953609,1,-0.206974
689.281506,-2.100000,-2.381745,-1.421986,nan,-27.327312,-1.301332,-1.448235,-3.119378,-1.448235,-7.847530,-5.465785,2.648089,1,-0.281745
689.481413,-2.050000,-2.451663,-1.421986,nan,-23.921738,-1.757869,-1.421986,-3.119378,-1.421986,-7.847813,-5.396151,1.351790,1,-0.401663
689.684188,-2.030000,-1.556794,-1.545270,nan,-7.414504,-1.566069,-1.462853,-0.018197,-1.462853,-5.285487,-3.728693,1.833177,1,0.473206
689.880595,-2.000000,-1.784400,-1.578150,nan,16.072401,-1.310526,-1.545270,1.064624,-1.545270,-1.475652,0.308748,2.869949,1,0.215600
690.080380,-1.990000,-0.974025,-1.641428,nan,11.721766,-1.314347,-1.641428,1.064624,-1.641428,-1.900939,-0.926914,3.322724,1,1.015975
690.296506,-1.930000,-1.174155,-1.656846,nan,-0.598119,-0.530261,-1.599918,1.064624,-1.599918,-4.942853,-3.768698,3.546072,1,0.755845
690.486524,-1.850000,-1.370519,-1.656846,nan,9.718935,-0.440152,-2.485478,-2.071580,-2.485478,-2.247864,-0.877345,1.272239,1,0.479481
690.682550,-1.740000,-1.390210,-1.689923,nan,9.566928,-0.510260,-1.689923,-1.322868,-1.689923,-2.663291,-1.273082,0.724337,1,0.349790
690.880415,-1.630000,-1.947476,-1.624515,nan,-11.063095,0.093250,-1.624515,-2.039762,-1.624515,-5.132730,-3.185254,0.147380,1,-0.317476
691.081481,-1.540000,-1.568879,-1.620682,nan,-33.837608,-0.337078,-0.647749,2.432331,-0.647749,-8.241407,-6.672528,0.250040,1,-0.028879
691.282654,-1.450000,-1.666630,-1.634053,nan,-5.544832,-0.350952,0.115406,4.373649,0.115406,-5.159101,-3.492471,2.261939,1,-0.216630
691.481420,-1.360000,-1.418781,-1.560747,nan,-7.610188,-1.064422,-0.711950,2.121993,-0.711950,-5.011062,-3.592281,1.843009,1,-0.058781
691.681881,-1.260000,-1.694290,-1.563234,nan,-20.020941,-0.702045,-1.483155,1.323357,-1.483155,-6.140876,-4.446587,2.399789,1,-0.434290
691.888634,-1.210000,-1.199105,-1.506448,nan,-12.484665,-0.972564,-1.011161,1.238216,-1.011161,-5.242129,-4.043024,1.302670,1,0.010895
692.084765,-1.040000,-1.509784,-1.504155,nan,2.303206,-0.794087,-1.296507,0.519121,-1.296507,-3.397049,-1.887266,4.015251,1,-0.469784
692.281801,-0.790000,-1.264463,-1.433989,nan,25.111038,-0.654394,-1.433989,2.456445,-1.433989,0.753640,2.018103,2.065672,1,-0.474463
692.482654,-0.650000,-0.664258,-1.433953,nan,28.784576,-0.786564,-1.433953,0.417150,-1.433953,2.128026,2.792284,1.634041,1,-0.014258
692.682552,-0.550000,-0.629832,-1.353921,nan,19.760948,-0.616161,-1.353921,1.706368,-1.353921,0.030588,0.660420,3.283967,1,-0.079832
692.881857,-0.550000,-0.472935,-1.295938,nan,45.916710,-0.241159,-1.295938,2.303332,-1.295938,6.285506,6.758441,9.590245,1,0.077065
693.080676,-0.530000,-1.336119,-1.147346,nan,15.239017,0.702036,-0.901021,0.615813,-0.901021,0.766943,2.103062,1.013517,1,-0.806119
693.281827,-0.440000,-1.521176,-1.074714,nan,19.540861,0.006982,-1.074714,1.110137,-1.074714,1.929498,3.450674,0.069556,1,-1.081176
693.485663,-0.360000,-1.140488,-1.022508,nan,14.135562,0.065660,-1.022508,-0.805298,-1.022508,1.920769,3.061257,0.094910,1,-0.780488
693.682553,-0.260000,-0.638888,-0.902108,nan,25.790266,-1.692178,-1.776907,-2.186997,-1.776907,3.854486,4.493374,3.073495,1,-0.378888
693.881898,-0.120000,-0.876235,-0.688804,nan,0.297655,-1.857440,-0.688804,-0.320438,-0.688804,0.000930,0.877165,4.280079,1,-0.756235
694.086645,-0.070000,-0.397936,-0.763733,nan,4.335831,-2.498760,-0.763733,-1.173609,-0.763733,1.643538,2.041474,1.517972,1,-0.327936
694.283150,0.010000,-0.494271,-0.677736,nan,10.737916,-2.717893,-0.814674,-0.342346,-0.814674,1.488389,1.982660,1.656928,1,-0.504271
694.485838,0.130000,-0.928962,-0.692495,nan,-0.197495,-1.679066,-0.692495,-0.342346,-0.692495,1.181712,2.110673,0.214533,1,-1.058962
694.680750,0.240000,-0.270729,-0.680476,nan,11.756388,-0.504855,-0.713843,-0.396275,-0.713843,1.750226,2.020956,1.380259,1,-0.510729
694.882650,0.340000,-0.706417,-0.473330,nan,-3.353028,0.287116,-0.473330,-2.745267,-0.473330,1.581504,2.287921,2.778597,1,-1.046417
695.081486,0.400000,-0.453989,-0.360116,nan,1.337064,0.152873,-1.689365,-3.323123,-1.689365,1.147499,1.601488,3.296154,1,-0.853989
695.282552,0.440000,0.171518,-0.291505,nan,15.671562,-2.445320,-0.291505,-2.057392,-0.291505,2.712128,2.540611,0.349352,1,-0.268482
695.481577,0.480000,0.837709,-0.298070,nan,11.608581,-2.282310,-0.298070,-4.535103,-0.298070,2.872594,2.034885,0.188206,1,0.357709
695.680670,0.510000,1.076187,-0.169298,nan,-4.764897,-2.394141,-0.484520,-0.595646,-0.484520,1.083323,0.007136,2.903545,1,0.566187
695.884651,0.570000,1.480112,0.044970,nan,2.374609,-2.468964,0.044970,-2.330524,0.044970,1.631472,0.151360,1.927530,1,0.910112
696.081498,0.650000,1.487413,0.046766,nan,34.729263,-3.233463,0.110166,0.281276,0.110166,6.911837,5.424423,9.435565,1,0.837413
696.285193,0.630000,0.642339,0.175286,nan,12.314316,-2.653958,0.046766,-0.141238,0.046766,9.206454,8.564115,0.000000,1,0.012339
696.485656,0.540000,2.202175,0.125312,nan,30.121275,-2.832852,-0.470658,-1.489923,-0.470658,11.196788,8.994613,0.000000,1,1.662175
696.690743,0.470000,2.834909,0.177079,nan,-4.904030,-2.205817,-0.879324,-2.898324,-0.879324,2.412708,-0.422201,1.102744,1,2.364909
696.884508,0.360000,2.388216,0.288741,nan,-8.761810,-1.224731,0.288741,-2.869955,0.288741,6.037642,3.649427,0.000000,1,2.028215
697.083479,0.170000,1.142815,0.443408,nan,26.674797,-0.256442,-0.454894,-2.245754,-0.454894,7.762923,6.620109,11.235324,1,0.972815
697.280388,0.070000,1.467022,0.361365,nan,-2.185529,0.026662,0.361365,-8.041856,0.361365,2.439497,0.972475,1.532546,1,1.397022
697.482898,0.070000,2.376325,0.330714,nan,-15.670095,-0.627568,0.330714,-8.041856,0.330714,-0.360905,-2.737230,3.351741,1,2.306325
697.680393,0.100000,1.964507,0.468088,nan,-0.103962,0.008309,0.487354,-7.822109,0.487354,3.059461,1.094954,2.629169,1,1.864507
697.880749,0.080000,1.298041,0.535321,nan,-31.862993,0.179981,0.521113,-6.034871,0.521113,4.240282,2.942241,0.000000,1,1.218041
698.082628,0.060000,0.247804,0.509896,nan,9.310754,-0.124505,-2.185914,-6.739523,-2.185914,8.766355,8.518550,0.000000,1,0.187804
698.280493,0.040000,0.509619,0.475575,nan,22.684816,0.608696,0.475575,-6.739523,0.475575,10.910826,10.401207,0.000000,1,0.469619
698.480807,0.010000,1.461432,0.493862,nan,21.394407,-0.084857,0.493862,-6.739523,0.493862,11.607471,10.146040,0.000000,1,1.451432
698.680389,-0.000000,0.416369,0.462732,nan,-15.849674,0.933074,-1.611959,-5.076370,-1.611959,1.714854,1.298485,0.641667,1,0.416369
698.886639,0.160000,0.473646,0.545554,nan,-2.471126,1.528914,0.545554,-4.426127,0.545554,3.340548,2.866902,4.365592,1,0.313646
699.081431,0.390000,0.270205,0.612029,nan,4.411319,1.605656,-1.153732,-4.414404,-1.153732,3.290627,3.020423,3.245514,1,-0.119795
699.280380,0.410000,0.606922,0.678601,nan,19.254543,1.419029,-2.179137,-7.038117,-2.179137,10.741986,10.135065,0.000000,1,0.196922
699.487436,0.430000,0.378410,0.778820,nan,-1.138885,1.948457,0.778820,-4.419537,0.778820,7.880299,7.501889,0.000000,1,-0.051590
699.682505,0.350000,-0.048025,0.968192,nan,17.028738,2.224286,-2.656139,-9.060828,-2.656139,11.800333,11.848358,0.000000,1,-0.398025
699.882561,0.280000,-0.347866,1.165752,nan,5.847271,2.468377,1.165752,-6.812190,1.165752,11.739127,12.086992,0.000000,1,-0.627866
700.081302,0.260000,0.272557,1.169545,nan,14.514002,2.985653,-0.962508,-5.330133,-0.962508,10.570248,10.297691,0.000000,1,0.012557
700.288507,0.010000,0.602701,1.246316,nan,13.095802,3.295610,-0.601708,-4.573166,-0.601708,12.148972,11.546271,0.000000,1,0.592701
700.482653,-0.090000,0.561700,1.279955,nan,11.302091,3.373118,1.279955,-6.542645,1.279955,11.315683,10.753983,0.000000,0,0.651700
700.680600,-0.100000,1.057344,1.309853,nan,10.848491,3.363206,1.309853,-6.664973,1.309853,10.328977,9.655049,0.000000,0,1.157344
700.881573,-0.020000,1.443031,1.595616,nan,10.848491,2.166698,1.595616,-5.628386,1.595616,10.328977,9.655049,0.000000,0,1.463031
701.081339,-0.000000,1.601349,1.633500,nan,10.848491,1.871044,-0.627560,-5.415093,-0.627560,10.328977,9.655049,0.000000,0,1.601349
701.300219,0.020000,1.322389,1.661694,nan,7.227434,1.578632,-1.303388,-7.342219,-1.303388,11.263746,9.944481,0.000000,0,1.302389
701.491650,0.050000,2.019705,1.717831,nan,7.227434,1.295564,-0.971320,-6.722879,-0.971320,11.263746,9.944481,0.000000,0,1.969705
701.681479,-0.040000,1.994290,1.660748,nan,7.227434,1.442742,1.660748,-5.827113,1.660748,11.263746,9.944481,0.000000,0,2.034290
701.880615,-0.120000,2.386632,1.815074,nan,4.765165,1.247762,1.815074,-5.125931,1.815074,10.599620,8.196179,0.000000,0,2.506632
702.081307,-0.070000,2.605314,1.818181,nan,4.765165,0.402661,0.554446,-3.159339,0.554446,10.599620,8.196179,0.000000,0,2.675314
702.320150,0.060000,2.030795,1.892537,nan,4.765165,0.675306,1.477605,-1.099661,1.477605,10.599620,8.196179,0.000000,0,1.970795
702.483644,0.170000,2.007256,1.892537,nan,4.765165,-0.004296,-0.231705,-5.310604,-0.231705,10.599620,8.196179,0.000000,0,1.837256
702.688575,0.260000,2.293352,1.950550,nan,4.765165,-0.152263,1.950550,-4.978848,1.950550,10.599620,8.196179,0.000000,0,2.033352
702.880381,0.330000,1.440706,1.984193,nan,4.765165,0.042864,-0.690349,-6.686355,-0.690349,10.599620,8.196179,0.000000,0,1.110706
703.083703,0.280000,1.132806,1.955476,nan,4.765165,0.855110,-0.531082,-6.216393,-0.531082,10.599620,8.196179,0.000000,0,0.852806
703.333284,0.030000,1.209998,1.889053,nan,1.791867,1.747218,1.866133,-4.586211,1.866133,10.175321,8.930344,0.000000,0,1.179998
703.480380,0.000000,1.404283,1.889053,nan,1.791867,1.728385,1.889053,-9.639026,1.889053,10.175321,8.930344,0.000000,0,1.404283
703.686638,0.120000,1.477520,2.091514,nan,1.791867,0.745651,2.091514,-10.051516,2.091514,10.175321,8.930344,0.000000,0,1.357520
703.887632,0.250000,1.268867,1.924242,nan,1.791867,0.170759,1.924242,-9.058236,1.924242,10.175321,8.930344,0.000000,0,1.018867
704.080606,0.280000,1.451436,1.974473,nan,1.113676,-0.347180,-1.341210,-8.289207,-1.341210,9.464572,8.099702,0.000000,0,1.171436
704.384874,0.220000,1.299757,1.883305,nan,0.893324,-1.209199,1.883305,-6.310094,1.883305,10.459064,9.159307,0.000000,0,1.079757
704.482656,0.110000,0.952185,1.883305,nan,0.794966,-0.614593,1.883305,-5.286000,1.883305,9.879251,8.927067,0.000000,1,0.842185
704.680381,0.000000,0.622884,1.705490,nan,0.702098,-0.426131,-0.421354,-5.525008,-0.421354,11.360909,10.738026,0.000000,0,0.622884
704.880392,-0.070000,1.289604,1.617612,nan,0.683154,0.131376,-0.561291,-5.447257,-0.561291,8.741706,7.810060,0.000000,0,1.359604
705.086742,-0.170000,1.043608,1.470735,nan,0.683154,0.340451,1.470735,-3.937173,1.470735,8.741706,7.810060,0.000000,0,1.213608
705.282512,-0.130000,1.546853,1.414077,nan,0.683154,0.262531,0.759764,-1.635782,0.759764,8.741706,7.810060,0.000000,0,1.676853
705.483123,-0.010000,1.666204,1.364594,nan,0.427778,0.255772,1.364594,-3.217083,1.364594,11.092549,9.227935,0.000000,0,1.676204
705.685635,0.080000,1.483815,1.231030,nan,0.360948,1.371944,0.199434,-2.578991,0.199434,11.809789,10.325974,0.000000,0,1.403815
705.880595,0.140000,1.208752,1.326370,nan,0.316864,0.374393,-0.181668,-3.770095,-0.181668,11.144870,9.936118,0.000000,1,1.068752
706.080393,0.160000,1.693516,1.331950,nan,0.278541,0.186955,1.331950,-4.385062,1.331950,11.972209,10.278693,0.000000,1,1.533516
706.282559,0.190000,1.800666,1.397604,nan,0.674838,-0.270407,-1.467605,-7.163022,-1.467605,11.691463,9.890797,0.000000,1,1.610667
706.481509,0.220000,1.420686,1.290607,nan,0.590160,-0.080233,1.290607,-5.254832,1.290607,10.146590,8.725904,0.000000,1,1.200686
706.696506,0.210000,1.548677,1.459628,nan,0.511628,1.088819,1.459628,-4.251715,1.459628,10.722576,9.173899,0.000000,1,1.338677
706.884632,0.210000,1.531695,1.482389,nan,0.455861,1.445621,-0.819602,-5.754978,-0.819602,7.536158,6.004463,0.000000,1,1.321695
707.080487,0.260000,1.418989,1.565552,nan,0.398292,1.212264,-1.763853,-8.323513,-1.763853,10.728821,9.309832,0.000000,1,1.158989
707.288634,0.340000,0.774247,1.638402,nan,0.349809,1.699543,-0.418965,-5.143416,-0.418965,10.580377,9.806129,0.000000,1,0.434247
707.480388,0.440000,0.848393,1.731597,nan,1.135301,0.531242,1.731597,-9.766763,1.731597,10.026886,9.178493,0.000000,1,0.408393
707.680379,0.540000,1.338045,1.872608,nan,2.052658,-0.610941,1.872608,-11.101059,1.872608,11.151240,9.813195,0.000000,1,0.798045
707.883155,0.620000,1.427728,2.037783,nan,2.046243,-0.976135,2.037783,-9.929168,2.037783,9.347309,7.919581,0.000000,1,0.807728
708.080383,0.610000,1.373180,2.030140,nan,1.801546,-1.396624,2.030140,-9.980101,2.030140,8.127211,6.754030,0.000000,1,0.763180
708.281374,0.510000,1.054909,1.955503,nan,-31.793200,-1.002585,1.955503,-12.310723,1.955503,4.312241,3.257332,0.000000,1,0.544909
708.487505,0.430000,0.513602,1.896948,nan,2.190050,0.609842,1.896948,-12.310723,1.896948,10.503160,9.989557,0.000000,1,0.083602
708.682489,0.360000,-0.078900,2.029793,nan,-1.629384,1.260994,2.029793,-12.702819,2.029793,4.280223,4.359123,8.708524,1,-0.438900
708.880386,0.320000,0.416326,2.167020,nan,-41.260353,1.144940,-4.030820,-15.494600,-4.030820,2.827374,2.411048,0.000000,1,0.096326
709.080377,0.300000,0.402433,2.044669,nan,-8.318454,0.770289,2.044669,-13.542953,2.044669,2.360009,1.957576,4.785491,1,0.102433
709.280619,0.300000,0.297574,1.866570,nan,-28.101053,0.484164,-4.001494,-14.670162,-4.001494,-1.502145,-1.799719,2.983922,1,-0.002426
709.480421,0.320000,0.187540,1.935322,nan,10.149104,1.250930,1.935322,-13.911456,1.935322,3.490402,3.302862,7.489040,1,-0.132460
709.684359,0.310000,-0.641114,1.959758,nan,-11.402916,1.654861,1.959758,-14.153895,1.959758,1.325830,1.966944,2.620371,1,-0.951114
709.880754,0.290000,-0.618012,1.947522,nan,0.260938,1.525040,-2.796598,-11.860299,-2.796598,3.614969,4.232980,7.784313,1,-0.908012
710.093507,0.200000,-0.006695,1.780276,nan,-7.768383,0.252670,1.780276,-11.908533,1.780276,0.856594,0.863289,1.567817,1,-0.206695
710.287507,0.070000,1.113276,1.756810,nan,2.787110,-1.065045,1.756810,-13.364635,1.756810,1.335435,0.222158,2.352713,1,1.043276
710.482472,0.030000,0.058397,1.533016,nan,-14.342440,-0.562982,-3.443094,-12.440275,-3.443094,-0.909654,-0.968051,0.767577,1,0.028397
710.680388,-0.080000,0.838541,1.500308,nan,-9.588709,-0.241020,1.500308,-9.335824,1.500308,1.233509,0.394969,3.388452,1,0.918541
710.880660,-0.180000,0.363323,1.387079,nan,-18.758829,-0.456093,1.387079,-7.619371,1.387079,0.452902,0.089579,1.465853,1,0.543323
711.084749,-0.230000,-0.426531,1.177307,nan,-14.884821,0.417830,-1.300452,-6.202233,-1.300452,-0.622953,-0.196423,0.053661,1,-0.196531
711.283234,-0.280000,-0.472282,1.177307,nan,-20.355755,-0.399927,1.177307,-7.159235,1.177307,-1.114157,-0.641875,0.592468,1,-0.192282
711.494215,-0.290000,-0.572274,0.987151,nan,-32.361893,-0.250579,0.987151,-5.889840,0.987151,-4.295748,-3.723474,1.660216,1,-0.282274
711.692607,-0.310000,-0.034514,0.853968,nan,-32.657761,-0.243084,-0.845777,-4.291717,-0.845777,-6.062686,-6.028172,0.244059,1,0.275486
711.896713,-0.390000,-0.003227,0.805139,nan,-49.815357,-0.338985,0.853968,-2.422049,0.853968,-9.809655,-9.806428,1.297737,1,0.386773
712.087535,-0.550000,-0.594312,0.723035,nan,-17.707590,-0.734280,0.805139,-4.871670,0.805139,-4.159776,-3.565464,0.777035,1,-0.044312
712.282501,-0.810000,-1.107687,0.505918,nan,-11.664881,-0.902588,0.723035,-4.685165,0.723035,-4.294316,-3.186629,1.766774,1,-0.297687
712.494693,-1.070000,-0.852041,0.505918,nan,-26.613684,-0.101891,0.505918,3.244500,0.505918,-6.682133,-5.830091,3.116078,1,0.217959
712.680719,-1.270000,0.010578,0.063595,nan,-17.862864,0.108519,0.063595,1.522672,0.063595,-6.006786,-6.017365,3.256859,1,1.280578
712.880422,-1.440000,0.032864,0.061284,nan,-20.542126,-0.827453,0.061284,1.509770,0.061284,-6.587741,-6.620605,2.988009,1,1.472864
713.080990,-1.530000,0.164707,-0.263476,nan,-25.258802,-1.883862,-0.263476,0.146532,-0.263476,-7.807392,-7.972099,1.983132,1,1.694707
713.285477,-1.570000,0.303686,-0.424754,nan,-22.060034,-1.807488,-0.384002,0.101881,-0.384002,-8.152682,-8.456368,2.167061,1,1.873686
713.483960,-1.590000,0.527914,-0.458780,nan,3.772610,-2.332465,-0.458780,0.754745,-0.458780,-4.149562,-4.677475,4.218963,1,2.117913
713.681128,-1.600000,0.411830,-0.641503,nan,-16.403477,-2.981199,-0.000487,1.261859,-0.000487,-8.196548,-8.608379,4.514463,1,2.011831
713.881160,-1.840000,-0.187142,-0.893039,nan,-17.409763,-2.004011,-0.641503,1.261859,-0.641503,-7.203051,-7.015910,3.713551,1,1.652858
714.081079,-1.930000,0.129605,-0.888635,nan,-27.849360,-1.932300,-0.888635,-2.500642,-0.888635,-9.983793,-10.113399,1.310206,1,2.059605
714.285637,-1.980000,-0.504499,-1.089482,nan,9.951554,-1.923638,-1.471940,-0.956146,-1.471940,-6.143840,-5.639341,0.355494,1,1.475501
714.482476,-2.040000,-0.329524,-1.167777,nan,0.382864,-2.055482,-0.665138,1.256598,-0.665138,-6.375635,-6.046110,0.664173,1,1.710476
714.683849,-2.050000,-0.646044,-1.271421,nan,4.320289,-0.786927,-0.527321,1.860251,-0.527321,-6.186396,-5.540352,1.776862,1,1.403956
714.887506,-2.080000,-0.936339,-1.514408,nan,20.282578,0.025920,-1.514408,3.061892,-1.514408,-3.856049,-2.919710,2.605009,1,1.143661
715.080492,-2.230000,-0.623005,-1.483148,nan,35.391644,-0.547844,0.061743,3.862226,0.061743,-0.765636,-0.142631,3.007962,1,1.606995
715.280386,-2.340000,-1.562843,-1.563321,nan,20.575151,-0.802096,-1.581531,1.222036,-1.581531,-2.455232,-0.892389,0.206427,1,0.777157
715.496956,-2.400000,-1.065693,-1.634431,nan,1.027775,-0.817222,-0.990976,1.712463,-0.990976,-5.812806,-4.747113,2.079219,1,1.334307
715.691851,-2.410000,-1.374450,-1.907466,nan,6.783812,-1.137093,-1.628381,0.697714,-1.628381,-3.219039,-1.844589,1.484294,1,1.035550
715.880384,-2.340000,-1.030924,-1.924338,nan,17.253378,-1.063945,-1.924338,4.838751,-1.924338,-1.344905,-0.313981,0.983254,1,1.309076
716.081473,-2.220000,-1.187960,-2.008521,nan,4.163486,-1.896004,-2.024078,4.778737,-2.024078,-2.966861,-1.778901,2.471945,1,1.032040
716.284634,-2.120000,-1.791762,-2.035644,nan,21.159182,-1.988996,-2.298693,-0.657624,-2.298693,-0.789682,1.002079,2.541772,1,0.328238
716.481978,-2.010000,-1.831705,-2.140273,nan,2.582727,-1.313465,-2.140273,-0.965091,-2.140273,-3.765211,-1.933505,3.600947,1,0.178295
716.680768,-1.910000,-2.354729,-2.230908,nan,7.507666,-0.888156,-2.230908,-1.823693,-2.230908,-1.991352,0.363377,1.128153,1,-0.444729
716.881255,-1.820000,-2.035919,-2.197635,nan,16.146727,-1.543983,-2.639731,-1.105240,-2.639731,-0.893713,1.142206,0.509870,1,-0.215919
717.080511,-1.670000,-2.081251,-2.178676,nan,10.960338,-2.327288,-2.178676,-0.929511,-2.178676,-1.616013,0.465238,0.506222,1,-0.411251
717.283647,-1.570000,-1.832027,-2.055739,nan,15.020549,-1.715177,-2.055739,-0.029605,-2.055739,0.334559,2.166586,2.843646,1,-0.262027
717.489586,-1.530000,-2.275330,-2.098334,nan,4.137250,-1.485415,-2.098334,0.553262,-2.098334,-1.841080,0.434250,2.101145,1,-0.745330
717.688710,-1.510000,-2.027774,-2.115245,nan,5.972455,-1.953932,-2.115245,2.765953,-2.115245,-0.540890,1.486883,1.013437,1,-0.517774
717.884698,-1.470000,-2.545254,-2.024495,nan,14.426488,-1.474113,-0.792965,3.078824,-0.792965,0.034518,2.579772,1.239042,1,-1.075254
718.085079,-1.420000,-2.819794,-1.996914,nan,17.661890,-0.783114,-0.453882,3.857579,-0.453882,1.989518,4.809312,5.070293,1,-1.399794
718.281396,-1.380000,-2.866725,-1.985465,nan,-11.122541,-1.827442,-1.985465,1.433137,-1.985465,2.188645,5.055370,0.000000,1,-1.486725
718.517980,-1.310000,-1.932866,-1.851361,nan,29.878389,-1.717025,-1.948515,0.857248,-1.948515,3.142637,5.075502,6.771942,1,-0.622866
718.680416,-1.270000,-1.753289,-1.950909,nan,-18.956997,-1.184385,-1.950909,-0.503296,-1.950909,4.726786,6.480075,0.000000,1,-0.483289
718.892609,-1.230000,-0.893287,-1.943063,nan,25.232828,-1.498944,-2.705161,-1.905243,-2.705161,8.297840,9.191128,0.000000,1,0.336713
719.094602,-1.240000,-0.523521,-1.897170,nan,22.561878,-1.881304,-2.230627,-0.833642,-2.230627,3.329087,3.852609,7.743410,1,0.716479
719.285484,-1.200000,0.465873,-1.811300,nan,20.684721,-2.221565,-1.811300,-2.844563,-1.811300,8.425967,7.960094,0.000000,1,1.665873
719.520900,-1.170000,0.456410,-1.686744,nan,18.629211,-2.402001,-1.791489,-0.362573,-1.791489,7.605440,7.149030,0.000000,1,1.626410
719.683483,-1.130000,0.095488,-1.651584,nan,16.535273,-1.534943,-1.651584,-0.362573,-1.651584,6.608069,6.512581,0.000000,1,1.225488
719.880377,-1.140000,0.218411,-1.590726,nan,14.528673,-1.817005,-2.193089,-1.505908,-2.193089,8.449742,8.231332,0.000000,1,1.358411
720.089507,-1.230000,0.336685,-1.479268,nan,13.258257,-2.176534,-1.479268,0.453655,-1.479268,7.216512,6.879827,0.000000,1,1.566685
720.281094,-1.380000,-0.501177,-1.461099,nan,11.640571,-2.070500,-1.461099,2.749597,-1.461099,10.023997,10.525174,0.000000,1,0.878823
720.526334,-1.540000,-0.547451,-1.403754,nan,10.241261,-1.914928,-0.820747,1.495438,-0.820747,6.712734,7.260185,0.000000,1,0.992549
720.683164,-1.580000,-0.986454,-1.442358,nan,9.300637,-1.394964,-1.442358,-0.075640,-1.442358,7.482723,8.469177,0.000000,1,0.593546
720.886507,-1.640000,-1.032203,-1.426329,nan,8.124597,-0.809657,-1.426329,-0.737513,-1.426329,8.810990,9.843194,0.000000,1,0.607797
721.081129,-1.630000,-0.765021,-1.452947,nan,7.160385,-0.366125,-1.452947,-0.035501,-1.452947,7.845654,8.610675,0.000000,1,0.864979
721.286619,-1.540000,-0.300699,-1.471260,nan,6.989546,-0.654128,-1.471260,0.322354,-1.471260,8.838911,9.139610,0.000000,1,1.239301
721.536921,-1.270000,0.290286,-1.305041,nan,6.600605,-1.225440,-1.394410,-2.912083,-1.394410,10.083396,9.793110,0.000000,1,1.560286
721.675508,-0.980000,0.655304,-1.305041,nan,5.895386,-2.051957,-1.305041,-0.045324,-1.305041,9.918266,9.262962,0.000000,1,1.635304
721.875640,-0.750000,-0.651315,-1.233901,nan,5.164703,-1.604236,-1.233901,-1.819501,-1.233901,7.958826,8.610141,0.000000,1,0.098685
722.081145,-0.640000,1.018195,-1.086372,nan,-23.650763,-2.316821,-1.140183,-1.852727,-1.140183,3.377560,2.359365,0.000000,1,1.658195
722.280526,-0.620000,-1.202622,-0.996354,nan,-17.937098,-2.625799,-0.996354,1.499463,-0.996354,5.868931,7.071553,0.000000,1,-0.582622
722.475455,-0.660000,0.034946,-0.916714,nan,-15.784072,-3.128942,-0.916714,0.950740,-0.916714,1.843196,1.808250,2.955519,1,0.694946
722.680505,-0.710000,-1.254657,-0.794436,nan,11.017261,-2.401643,-0.794436,1.893652,-0.794436,5.209474,6.464130,10.036786,1,-0.544657
722.885186,-0.740000,-2.147960,-0.817685,nan,11.310735,-2.865417,-0.817685,0.417938,-0.817685,9.164162,11.312122,0.000000,1,-1.407960
723.083201,-0.750000,-1.747323,-0.708175,nan,9.942748,-3.163818,-0.708175,3.122621,-0.708175,8.184124,9.931447,0.000000,1,-0.997323
723.283488,-0.730000,-1.653368,-0.711146,nan,-13.582845,-1.430185,-0.711146,5.151241,-0.711146,6.133628,7.786996,0.000000,0,-0.923368
723.477498,-0.770000,-1.019696,-0.645464,nan,8.168257,-0.829820,-0.645464,3.046132,-0.645464,10.095896,11.115592,0.000000,1,-0.249696
723.675831,-0.800000,0.768599,-0.489504,nan,7.590339,-2.930772,-0.575254,-1.001458,-0.575254,9.247924,8.479325,0.000000,1,1.568599
723.876147,-0.780000,0.873282,-0.536368,nan,7.044255,-3.214636,-1.072622,-1.340635,-1.072622,8.950439,8.077158,0.000000,1,1.653282
724.085351,-0.740000,1.265720,-0.408730,nan,7.892821,-3.493017,-0.408730,-3.077856,-0.408730,9.545762,8.280043,0.000000,1,2.005720
724.276227,-0.790000,1.217069,-0.401799,nan,9.831069,-3.205349,-0.401799,0.877774,-0.401799,7.435086,6.218018,0.000000,1,2.007069
724.475803,-0.840000,1.092759,-0.483674,nan,10.665236,-3.192470,-0.483674,3.539054,-0.483674,8.806090,7.713331,0.000000,1,1.932759
724.675419,-0.880000,0.331462,-0.523897,nan,-24.193747,-0.613185,0.321679,2.113940,0.321679,5.669003,5.337541,0.000000,1,1.211462
724.877474,-0.900000,-0.007112,-0.488845,nan,-39.495853,-1.197071,-0.488845,2.996668,-0.488845,1.909658,1.916770,0.000000,1,0.892888
725.075664,-0.910000,2.046917,-0.463818,nan,12.362453,-1.542896,-0.432491,0.993604,-0.432491,8.835809,6.788892,0.000000,1,2.956917
725.278647,-0.840000,0.936416,-0.423908,nan,12.475098,-1.316320,-0.423908,2.559829,-0.423908,10.129051,9.192635,0.000000,1,1.776416
725.474814,-0.710000,1.149823,-0.411229,nan,-22.363594,-1.109608,-0.411229,0.647802,-0.411229,1.072966,-0.076857,1.118015,1,1.859823
725.674990,-0.670000,0.796229,-0.397175,nan,-17.384201,-2.806448,-0.409459,0.319850,-0.409459,-0.184743,-0.980972,0.681742,1,1.466229
725.882656,-0.530000,1.235725,-0.335088,nan,1.603793,-2.258940,-0.335088,2.566114,-0.335088,3.617581,2.381856,6.425088,1,1.765725
726.087601,-0.410000,1.265710,-0.342751,nan,-21.138556,-3.077925,-0.342751,-1.810515,-0.342751,1.054306,-0.211405,1.417271,1,1.675710
726.284502,-0.330000,0.439115,-0.210070,nan,-14.785606,-2.840708,-2.717594,-6.268809,-2.717594,0.730637,0.291522,0.054206,1,0.769115
726.491775,-0.230000,-0.459744,-0.255862,nan,-11.526809,-1.679421,-2.044421,-4.471398,-2.044421,1.471656,1.931400,2.159773,1,-0.229744
726.691530,-0.200000,-0.394221,-0.185347,nan,-2.838941,-1.652320,-0.185347,-3.376032,-0.185347,2.369553,2.763773,2.589881,1,-0.194221
726.876491,-0.140000,-0.856266,-0.149222,nan,-19.283579,-2.240630,-0.149222,-3.787726,-0.149222,-1.041385,-0.185119,3.494018,1,-0.716266
727.077493,0.010000,0.004582,-0.117538,nan,-5.300167,-2.246583,-0.117538,-5.307905,-0.117538,1.773258,1.768676,1.333221,1,-0.005418
727.276463,0.130000,0.069279,-0.071297,nan,20.117010,-2.256410,-0.071297,-3.849092,-0.071297,8.981498,8.912218,0.000000,1,-0.060721
727.477546,0.230000,2.659401,0.053137,nan,-30.882322,-2.046651,0.053137,-3.401860,0.053137,1.225732,-1.433669,0.000000,1,2.429401
727.676563,0.350000,1.911746,0.210911,nan,5.532620,-0.689870,0.210911,-4.658109,0.210911,3.763800,1.852054,5.084305,1,1.561746
727.875384,0.500000,1.921703,0.267797,nan,5.606298,-1.775033,0.267797,-4.453780,0.267797,3.702495,1.780792,4.731819,1,1.421703
728.080682,0.740000,2.525520,0.387528,nan,-12.288775,-1.998709,0.387528,-4.465886,0.387528,1.792923,-0.732597,0.718942,1,1.785520
728.275107,0.950000,2.831198,0.495135,nan,-0.225844,-2.385147,0.406019,-0.222791,0.406019,3.613690,0.782492,3.302961,1,1.881198
728.479481,1.190000,3.185511,0.395663,nan,-5.792714,-2.871684,0.395663,-6.685202,0.395663,9.690267,6.504756,0.000000,1,1.995511
728.677498,1.460000,3.372782,0.600364,nan,-3.824752,-2.245870,0.600364,-5.819648,0.600364,3.901967,0.529185,2.776152,1,1.912782
728.875725,1.580000,1.649088,0.718703,nan,3.705597,-1.780959,0.718703,-2.634112,0.718703,3.567775,1.918687,1.758249,1,0.069088
729.075400,1.640000,0.837698,0.874045,nan,-3.150409,-1.394461,0.874045,-1.039109,0.874045,4.062537,3.224839,1.421237,1,-0.802302
729.275646,1.580000,1.600238,1.026172,nan,-7.529741,-0.748002,1.026172,-0.009157,1.026172,1.897522,0.297283,0.835764,1,0.020238
729.476660,1.480000,0.981558,1.003162,nan,22.552128,0.325494,0.206467,-1.991738,0.206467,13.673708,12.692150,0.000000,1,-0.498442
729.679719,1.420000,0.924217,1.316742,nan,20.832539,0.246893,1.118792,-1.991738,1.118792,10.872771,9.948554,0.000000,1,-0.495783
729.875669,1.390000,2.278525,1.303430,nan,-7.811509,-0.523498,1.303430,4.070674,1.303430,7.819004,5.540480,0.000000,1,0.888525
730.087746,1.380000,1.297658,1.413212,nan,-38.813114,0.217088,1.413212,1.202865,1.413212,2.451474,1.153816,0.000000,1,-0.082342
730.283802,1.290000,1.774533,1.448463,nan,-6.919743,1.367788,1.448463,1.202865,1.448463,7.525222,5.750689,0.000000,1,0.484533
730.476728,1.090000,0.780512,1.536731,nan,21.010578,1.296912,1.536731,-5.352278,1.536731,11.935472,11.154961,0.000000,1,-0.309488
730.675804,0.940000,0.693382,1.502855,nan,-22.239872,2.052964,1.502855,-5.352278,1.502855,3.572630,2.879248,0.000000,1,-0.246618
730.876066,0.660000,0.657210,1.501463,nan,-12.608731,1.997123,1.501463,-1.397588,1.501463,1.846019,1.188809,0.050213,1,-0.002790
731.078679,0.180000,0.173688,1.493033,nan,-17.048000,2.179277,1.493033,-4.196540,1.493033,-0.227852,-0.401540,2.097520,1,-0.006312
731.279685,0.160000,0.310718,1.383832,nan,-41.458900,1.959833,1.383832,-2.469602,1.383832,1.383945,1.073227,0.000000,1,0.150718
731.475488,0.220000,0.343554,1.339278,nan,3.035646,2.041136,1.339278,-1.387059,1.339278,2.722870,2.379316,4.242911,1,0.123554
731.677654,0.200000,0.405551,1.281802,nan,-38.770786,2.694479,1.281802,-1.268046,1.281802,1.321625,0.916073,0.000000,1,0.205551
731.876142,0.240000,0.543657,1.244625,nan,-15.466419,2.052393,1.244625,-2.708474,1.244625,0.303476,-0.240181,1.171945,1,0.303657
732.076542,0.290000,0.908319,1.105310,nan,-18.361034,1.353399,1.105310,-1.331000,1.105310,0.286600,-0.621719,1.038509,1,0.618319
732.275497,0.440000,0.698971,1.081127,nan,-21.486322,1.682578,1.081127,-0.706797,1.081127,-0.272893,-0.971864,1.885810,1,0.258971
732.480222,0.660000,1.100628,1.030760,nan,14.857924,0.684294,1.564826,1.335164,1.564826,3.564757,2.464129,5.248994,1,0.440628
732.679484,0.800000,0.995559,0.990310,nan,-22.951742,1.302569,1.030760,2.850191,1.030760,-0.849745,-1.845304,4.939873,1,0.195559
732.875386,0.830000,1.372306,1.069461,nan,-13.079579,0.842268,1.069461,0.105531,1.069461,0.483752,-0.888554,1.505433,1,0.542306
733.076578,0.650000,0.745452,1.030104,nan,-5.443152,1.469696,1.030104,1.687334,1.030104,1.381946,0.636494,0.969423,1,0.095452
733.282505,0.510000,0.122091,1.021332,nan,-9.882931,2.296654,1.021332,-1.376203,1.021332,-0.538842,-0.660933,2.924945,1,-0.387909
733.476566,0.240000,0.854525,1.027924,nan,-6.945231,2.155538,1.027924,-7.984069,1.027924,-0.396338,-1.250863,1.407239,1,0.614525
733.677123,-0.130000,0.441812,0.889981,nan,-14.148887,1.003515,1.027924,-1.089644,1.027924,-0.970439,-1.412251,2.544417,1,0.571812
733.876184,-0.250000,1.036005,0.863625,nan,1.049810,0.346613,0.283699,-1.449815,0.283699,0.719517,-0.316488,1.361582,1,1.286005
734.080645,-0.240000,0.593398,0.734046,nan,-1.233410,0.135008,0.803017,-1.125415,0.803017,0.259053,-0.334345,0.367226,1,0.833398
734.286512,-0.160000,0.568617,0.734046,nan,-3.634021,-0.615127,-0.495414,-3.073650,-0.495414,-1.250882,-1.819499,1.966082,1,0.728617
734.481505,-0.180000,0.847227,0.729277,nan,-2.813365,-1.413185,0.729277,-8.664894,0.729277,-0.265516,-1.112743,0.572697,1,1.027227
734.678945,-0.170000,2.180844,0.614659,nan,-12.049496,-1.791210,0.708337,-6.677766,0.708337,-1.077752,-3.258595,1.863098,1,2.350844
734.877557,-0.220000,1.977010,0.614659,nan,5.448180,-2.517805,0.614659,-6.093673,0.614659,0.975363,-1.001646,2.247237,1,2.197010
735.075793,-0.290000,1.472072,0.598379,nan,-6.829904,-2.357269,0.598379,-5.293235,0.598379,-0.218244,-1.690315,0.320540,1,1.762072
735.275456,-0.300000,-0.422355,0.447557,nan,11.593664,-1.532004,0.613647,-7.258047,0.613647,1.150828,1.573184,2.640739,1,-0.122355
735.477934,-0.280000,-1.135489,0.477024,nan,-15.964292,-1.595949,0.477024,-4.426903,0.477024,-0.606144,0.529345,2.024618,1,-0.855489
735.694064,-0.280000,-1.130602,0.369070,nan,3.271013,-1.558006,0.451416,-4.523187,0.451416,1.385285,2.515886,3.137715,1,-0.850602
735.878643,-0.360000,-0.806602,0.293796,nan,-6.185818,-1.156106,0.293796,-4.523187,0.293796,0.101631,0.908233,0.446642,1,-0.446602
736.075830,-0.340000,-1.301646,0.317108,nan,-7.863851,-0.571475,-1.687690,-5.011995,-1.687690,-1.554567,-0.252922,3.416384,1,-0.961645
736.276336,-0.260000,-1.074517,0.291442,nan,-3.985362,-0.394897,0.295828,-6.790608,0.295828,0.452806,1.527323,0.532900,1,-0.814517
736.474848,-0.180000,-2.158371,0.299844,nan,-17.701054,-0.159216,-1.939169,-5.597533,-1.939169,-1.444060,0.714312,2.868679,1,-1.978371
736.705910,-0.150000,-1.596060,0.281484,nan,29.446205,0.131106,0.281484,-6.191206,0.281484,9.276042,10.872103,0.000000,1,-1.446060
736.875386,-0.100000,-1.663469,0.220956,nan,28.893135,0.829638,0.260084,-3.514335,0.260084,9.093750,10.757218,0.000000,1,-1.563469
737.081653,-0.040000,-1.103408,0.269825,nan,-0.273336,0.942647,0.260003,-7.940430,0.260003,6.141420,7.244829,0.000000,1,-1.063408
737.278643,-0.000000,-0.881618,0.252163,nan,24.920303,-0.184543,0.269825,-8.815957,0.269825,10.036257,10.917875,0.000000,1,-0.881618
737.474677,0.010000,-1.771130,0.355357,nan,22.838894,-0.920219,-3.949656,-10.762532,-3.949656,9.634659,11.405788,0.000000,1,-1.781130
