time_s,g5_pitch,ahrs_pitch,accel_pitch,g5_slip_raw,raw_accel_pitch,raw_pitch_gyro_deg_sec,gps_longitudinal_accel_mps2,accel_magnitude_mps2,accel_sample_accepted,accel_sample_age_ms,gps_longitudinal_compensation_valid,error
408.281177,-6.630000,0.000000,0.000000,nan,0.000000,-7.816794,0.000000,0.000000,0,4294967295,0,6.630000
408.478116,-6.630000,-0.910305,-3.962935,nan,-5.757312,13.053435,-0.287287,19.672722,0,37,0,5.719696
408.683517,-6.670000,-0.859012,-7.395501,nan,-5.409325,4.526718,0.316663,9.158727,1,0,1,5.810988
408.881506,-6.680000,-0.544868,-3.918223,nan,-6.177576,4.465649,0.150316,13.164693,0,63,0,6.135132
409.078796,-6.700000,-0.748035,-0.970754,nan,-2.148000,12.091603,0.388364,9.101608,1,14,1,5.951964
409.278195,-6.710000,-1.155272,-6.093520,nan,-4.111657,-4.671756,0.300715,10.779838,1,0,1,5.554729
409.478781,-6.630000,-0.601490,-10.305575,nan,-10.472857,-3.099237,-0.025215,5.000061,0,45,0,6.028511
409.679502,-6.600000,-0.734208,-11.617372,nan,-10.672388,27.396946,0.146232,10.111654,1,0,1,5.865792
409.887651,-6.740000,-1.093903,-13.993976,nan,-12.148017,31.267176,0.285201,8.335522,1,5,1,5.646097
410.082403,-6.780000,-1.095008,-13.391233,nan,-13.278530,-22.335878,0.018749,11.074445,1,0,1,5.684992
410.283635,-6.750000,-1.053453,-12.351177,nan,-12.236539,-16.564886,0.718814,6.602701,0,141,0,5.696547
410.479498,-6.890000,-1.043929,-11.175242,nan,-14.177771,16.931297,-0.479743,9.362034,1,11,1,5.846070
410.679752,-7.040000,-1.514342,-15.504025,nan,-14.677124,-12.534351,0.122823,17.806494,0,77,0,5.525658
410.881480,-7.080000,-1.915624,-17.262516,nan,-15.453820,10.076336,0.286698,10.456407,1,0,1,5.164375
411.079331,-7.050000,-1.794362,-14.911016,nan,-13.052506,12.099236,0.262998,8.161659,0,162,0,5.255639
411.278502,-6.960000,-0.998987,-11.641481,nan,-10.942343,13.984733,-0.066397,14.269636,0,70,0,5.961013
411.492612,-6.880000,-0.343116,-11.641481,nan,-10.942343,-15.221375,-0.023177,14.248262,0,294,0,6.536884
411.689648,-6.820000,-0.243169,-11.993951,nan,-12.789905,11.625955,-0.121694,15.254557,0,25,0,6.576831
411.878483,-6.790000,-1.312847,-11.663718,nan,-12.471109,18.236641,-0.852957,8.024122,0,68,0,5.477153
412.110010,-6.780000,-0.606635,-14.654929,nan,-13.746800,-14.351145,0.008923,11.047692,1,79,1,6.173365
412.279612,-6.710000,-0.747408,-13.390053,nan,-13.332442,5.923664,0.054526,16.788338,0,28,0,5.962592
412.487654,-6.670000,-0.931313,-9.546126,nan,-12.685932,17.076336,-0.481633,12.798623,0,118,0,5.738687
412.679485,-6.660000,-0.785004,-7.317260,nan,-6.314604,-3.641221,-0.290100,11.635171,0,23,0,5.874996
412.879565,-6.640000,-1.184659,-12.782146,nan,-13.556199,-6.595420,-0.132805,7.861103,0,59,0,5.455341
413.110657,-6.590000,-1.725862,-11.001091,nan,-8.592463,-7.618320,0.365728,8.959908,1,59,1,4.864138
413.279509,-6.530000,-2.055139,-5.038149,nan,-8.532918,8.664123,-0.344240,7.679597,0,36,0,4.474861
413.494688,-6.490000,-2.568085,-13.627463,nan,-12.964027,2.030534,0.054896,19.852091,0,34,0,3.921915
413.684509,-6.430000,-3.188794,-11.664161,nan,-13.327502,25.389313,-0.251856,9.601203,1,9,1,3.241206
413.884781,-6.380000,-3.437854,-15.883516,nan,-19.967915,31.236641,-0.632293,12.281696,0,25,0,2.942146
414.123979,-6.450000,-4.590500,-15.883516,nan,-19.967915,3.946565,0.165418,14.210565,0,288,0,1.859499
414.287644,-6.470000,-5.540842,-13.070102,nan,-17.138393,-13.847328,0.028806,13.401996,0,95,0,0.929158
414.480484,-6.470000,-5.993308,-13.070102,nan,-17.138393,-9.427481,-0.057732,8.703897,1,6,0,0.476692
414.679548,-6.450000,-5.912710,-13.070102,nan,-17.138393,0.587786,-0.229428,10.354052,1,5,0,0.537290
414.879574,-6.430000,-6.208416,-13.070102,nan,-17.138393,0.137405,-0.742938,9.408184,1,8,0,0.221584
415.143974,-6.480000,-5.437147,-13.070102,nan,-17.138393,-42.977100,0.138098,9.285049,1,54,0,1.042853
415.284507,-6.440000,-4.663264,-13.070102,nan,-17.138393,2.580153,-0.480141,9.380267,1,15,0,1.776736
415.484509,-6.340000,-5.026264,-10.667243,nan,-13.916204,-25.473282,0.037569,13.703216,0,124,0,1.313736
415.679456,-6.190000,-3.705850,-10.667243,nan,-13.916204,12.488549,-0.293723,17.403244,0,58,0,2.484150
415.880499,-6.090000,-3.724721,-15.050757,nan,-14.263562,13.732824,-0.130521,3.705924,0,42,0,2.365279
416.086516,-5.930000,-3.643433,-12.765910,nan,-13.589964,1.923664,-0.447729,12.456973,0,159,0,2.286567
416.281603,-5.880000,-5.373799,-18.777164,nan,-19.211555,-8.419847,-0.070508,9.283608,1,0,1,0.506201
416.479422,-5.870000,-5.270245,-15.347044,nan,-18.530172,-10.572519,-0.513611,7.296903,0,97,0,0.599755
416.679726,-5.800000,-4.629529,-20.023726,nan,-21.211775,10.908397,-0.538247,16.670334,0,54,0,1.170471
416.879503,-5.760000,-5.081466,-17.464127,nan,-20.236595,-8.122137,-0.456808,9.640718,1,0,1,0.678534
417.087214,-5.800000,-4.687458,-16.926159,nan,-19.364393,25.961832,-0.053356,14.612245,0,116,0,1.112543
417.286508,-5.810000,-5.674516,-18.162136,nan,-21.856445,-3.580153,-0.607972,11.168249,1,8,1,0.135484
417.484481,-5.840000,-4.979941,-16.632101,nan,-20.466627,-5.267176,0.344000,7.022818,0,46,0,0.860059
417.684782,-5.870000,-5.717441,-8.185378,nan,-12.077021,29.458015,-0.580775,9.175542,1,5,1,0.152559
417.879791,-5.860000,-6.051315,-12.905349,nan,-13.236925,-20.000000,0.047877,19.486452,0,94,0,-0.191315
418.084314,-5.790000,-5.701917,-13.856413,nan,-15.341834,10.061069,-0.225184,11.193675,1,0,1,0.088083
418.288508,-5.750000,-5.977071,-6.392318,nan,-11.617309,-3.091603,-0.766461,11.823647,0,37,0,-0.227071
418.490504,-5.750000,-5.259141,-6.802536,nan,-9.233520,15.641221,0.052079,11.519428,0,31,0,0.490859
418.689504,-5.850000,-6.376823,-6.418885,nan,-12.159484,16.175573,0.092644,12.673374,0,52,0,-0.526824
418.891746,-5.960000,-6.965603,-6.418885,nan,-12.159484,12.473283,-0.009070,7.607739,0,247,0,-1.005603
419.087508,-5.960000,-8.362813,-9.311045,nan,-12.922531,-1.068702,-0.206525,11.891373,0,48,0,-2.402813
419.280496,-6.040000,-8.755982,-13.392467,nan,-14.261539,-32.809162,-0.005557,13.386613,0,57,0,-2.715982
419.482499,-5.920000,-8.178555,-8.352544,nan,-12.497982,-12.183207,-0.146102,9.703311,1,5,1,-2.258554
419.684492,-5.750000,-7.472703,-9.320854,nan,-10.258548,18.167938,-0.267458,11.367486,0,63,0,-1.722703
419.885643,-5.700000,-6.762899,-9.320854,nan,-10.258548,1.251908,-0.331953,11.653795,0,257,0,-1.062899
420.080276,-5.720000,-7.276394,-11.779890,nan,-12.231502,9.114504,-0.384095,17.462084,0,42,0,-1.556394
420.280257,-5.770000,-7.666909,-11.661147,nan,-13.450646,3.442748,-0.280006,10.825875,1,14,1,-1.896909
420.483507,-5.870000,-7.743100,-11.186531,nan,-12.132342,-1.213740,-0.192296,8.569937,1,1,0,-1.873100
420.679481,-6.050000,-7.914083,-12.436009,nan,-13.556647,-0.167939,-0.171194,10.599822,1,8,1,-1.864083
420.881585,-6.260000,-8.533146,-12.568251,nan,-13.701450,-9.679389,-0.141042,5.779873,0,32,0,-2.273146
421.081497,-6.370000,-8.358860,-14.527386,nan,-14.221769,-11.068703,0.046054,9.138915,1,0,1,-1.988860
421.280126,-6.430000,-7.673025,-14.334532,nan,-14.035293,17.259542,0.131503,7.701364,0,142,0,-1.243025
421.481523,-6.530000,-8.287677,-10.882350,nan,-11.528633,-1.992366,-0.103761,6.321501,0,32,0,-1.757677
421.683294,-6.490000,-8.068867,-12.421970,nan,-12.360069,7.946565,0.009734,14.007132,0,20,0,-1.578867
421.884488,-6.330000,-8.517755,-16.080940,nan,-12.934134,-12.770992,0.507677,10.893246,1,7,1,-2.187755
422.079430,-6.370000,-8.559180,-16.080940,nan,-12.934134,-0.335878,-0.203561,16.699331,0,199,0,-2.189180
422.292003,-6.500000,-8.277953,-15.093880,nan,-15.131118,-11.045801,0.187813,15.913389,0,113,0,-1.777953
422.480506,-6.500000,-7.497525,-13.853393,nan,-12.693086,-15.175572,-0.198362,6.348670,0,140,0,-0.997525
422.680494,-6.410000,-6.727132,-14.436623,nan,-16.602659,20.099237,0.110201,14.820100,0,49,0,-0.317132
422.880788,-6.440000,-7.349095,-12.074621,nan,-12.718082,-7.603054,-0.100464,8.919564,1,11,1,-0.909095
423.079472,-6.500000,-7.232422,-15.235751,nan,-14.058616,20.748091,0.186923,12.332525,0,21,0,-0.732422
423.284502,-6.670000,-6.871921,-14.406204,nan,-14.610282,1.488550,-0.033578,10.220650,1,0,1,-0.201921
423.480831,-6.770000,-7.646448,-22.779964,nan,-21.527557,0.595420,0.196709,11.774294,0,56,0,-0.876448
423.679421,-6.830000,-7.612008,-18.827055,nan,-18.791620,11.137404,0.050773,8.242259,0,33,0,-0.782008
423.881507,-6.870000,-7.502073,-15.359685,nan,-16.132633,-8.374045,-0.115793,9.873489,1,0,1,-0.632073
424.082478,-6.930000,-7.381459,-18.705652,nan,-19.456299,12.778625,-0.320720,14.761196,0,179,0,-0.451459
424.283504,-6.950000,-7.908557,-14.468801,nan,-13.602296,-3.083969,-0.096459,18.129160,0,65,0,-0.958558
424.482491,-7.000000,-7.328315,-13.793380,nan,-11.598703,-12.717557,0.334781,11.378563,0,32,0,-0.328315
424.682480,-6.940000,-6.422130,-11.369907,nan,-10.107229,8.442748,0.191020,8.665377,1,8,1,0.517870
424.880498,-6.840000,-7.640347,-13.399092,nan,-12.820828,-2.030534,0.090196,13.387127,0,41,0,-0.800347
425.087643,-6.830000,-7.070084,-14.588876,nan,-14.221962,1.152672,0.055071,12.854163,0,33,0,-0.240084
425.279718,-6.800000,-7.201619,-13.887882,nan,-17.216238,-10.198473,0.435081,8.589209,1,61,0,-0.401618
425.481494,-6.730000,-7.736626,-15.820387,nan,-17.079655,-7.465649,-0.192529,8.611628,1,0,1,-1.006626
425.682764,-6.650000,-7.737904,-10.454032,nan,-12.143758,-22.106871,0.203867,8.697886,1,6,1,-1.087904
425.886674,-6.590000,-6.623111,-16.418528,nan,-14.746554,-4.931298,-0.020794,10.584693,1,3,0,-0.033111
426.089663,-6.570000,-5.575946,-16.418528,nan,-14.746554,-9.541985,0.269069,14.822660,0,69,0,0.994054
426.285489,-6.510000,-5.130898,-16.418528,nan,-14.746554,29.129770,-0.074963,10.650603,1,57,0,1.379102
426.481797,-6.450000,-5.512813,-16.418528,nan,-14.746554,-18.396946,0.681920,13.254342,0,52,0,0.937187
426.687646,-6.350000,-5.299432,-9.389822,nan,-9.976039,-1.061069,-0.087530,9.932927,1,12,1,1.050568
426.880213,-6.280000,-5.190784,-8.792460,nan,-10.178434,-1.977099,-0.008257,11.662629,0,50,0,1.089216
427.081618,-6.280000,-4.818278,-12.715449,nan,-12.724900,1.625954,-0.001493,9.425131,1,0,1,1.461722
427.283641,-6.350000,-5.438132,-12.699696,nan,-13.243033,-19.816793,-0.175721,10.668917,1,53,1,0.911868
427.479919,-6.450000,-4.992173,-16.647617,nan,-14.593604,9.221375,0.333595,11.787958,0,78,0,1.457827
427.684641,-6.510000,-4.960819,-14.389731,nan,-15.711988,4.343512,0.144022,15.613755,0,64,0,1.549181
427.880498,-6.520000,-6.219020,-11.862926,nan,-13.913583,9.778625,-0.322332,9.221065,1,0,1,0.300980
428.079793,-6.540000,-6.753212,-16.389103,nan,-14.194489,2.099237,-0.333110,15.697167,0,40,0,-0.213212
428.286168,-6.490000,-6.624106,-13.760190,nan,-13.453362,2.030534,0.111530,12.111144,0,123,0,-0.134106
428.482499,-6.470000,-6.351753,-8.961932,nan,-9.077876,-15.618320,-0.017966,8.023201,0,46,0,0.118247
428.684484,-6.440000,-6.238840,-8.364082,nan,-8.478600,-21.267176,-0.079654,12.357755,0,190,0,0.201160
428.880781,-6.400000,-6.401803,-10.562687,nan,-10.047432,-3.648855,0.048088,15.871020,0,53,0,-0.001803
429.084488,-6.390000,-6.019380,-11.674612,nan,-9.299475,-4.244275,0.380996,15.269702,0,21,0,0.370620
429.280033,-6.420000,-6.050419,-14.044711,nan,-11.645082,-17.893129,0.110487,8.127604,0,145,0,0.369581
429.488514,-6.420000,-5.806047,-10.566734,nan,-12.124482,5.534351,-0.243825,7.289914,0,28,0,0.613953
429.684507,-6.430000,-5.875690,-12.992145,nan,-13.745445,3.099237,-0.116244,10.182115,1,11,1,0.554310
429.880506,-6.430000,-5.553089,-16.685852,nan,-15.607491,3.427481,0.171931,10.593822,1,11,1,0.876911
430.079596,-6.370000,-5.699557,-13.166803,nan,-15.548372,12.412213,0.178314,7.731922,0,62,0,0.670443
430.286558,-6.370000,-5.149562,-14.221231,nan,-14.598920,14.038168,-0.007304,13.356211,0,73,0,1.220438
430.479783,-6.370000,-4.527270,-14.991294,nan,-13.330901,0.694656,0.268847,7.193396,0,74,0,1.842730
430.680503,-6.370000,-4.509693,-8.918547,nan,-10.395160,7.916030,0.106719,6.815838,0,171,0,1.860307
430.881483,-6.370000,-5.183867,-15.216060,nan,-15.682994,7.625954,-0.070815,9.962890,1,11,1,1.186132
431.079633,-6.390000,-6.000628,-15.317727,nan,-16.870956,-5.702290,-0.071281,16.320860,0,71,0,0.389372
431.326593,-6.400000,-5.774178,-20.039209,nan,-16.621101,-9.824428,-0.396350,15.430618,0,123,0,0.625823
431.479618,-6.410000,-6.342209,-14.351269,nan,-15.696357,18.267176,-0.204190,11.514148,0,87,0,0.067791
431.679497,-6.460000,-6.408577,-11.210951,nan,-14.248965,-12.358779,-0.463598,8.749646,1,0,1,0.051423
431.880499,-6.490000,-6.589303,-14.740160,nan,-10.829436,4.351145,0.010645,6.724483,0,51,0,-0.099303
432.082460,-6.580000,-7.891322,-9.013391,nan,-10.584537,9.954199,-0.242208,9.300515,1,0,1,-1.311322
432.316355,-6.620000,-6.470789,-14.686372,nan,-13.881934,-25.870230,-0.190258,11.309857,0,142,0,0.149211
432.483771,-6.630000,-6.298087,-14.686372,nan,-13.881934,0.290076,0.465388,7.348534,0,72,0,0.331913
432.684507,-6.410000,-5.478902,-7.801909,nan,-8.713317,-9.633588,-0.042690,14.036081,0,34,0,0.931098
432.879715,-6.210000,-4.614856,-6.944408,nan,-8.281303,17.099237,0.076029,9.570714,1,3,0,1.595144
433.084607,-6.110000,-4.313303,-13.299155,nan,-12.538943,-16.824427,-0.556319,6.221131,0,28,0,1.796697
433.340531,-6.080000,-4.868338,-8.067228,nan,-11.959809,4.618320,-0.343307,9.079709,1,78,0,1.211662
433.480494,-6.000000,-4.544119,-8.067228,nan,-11.959809,9.854961,0.526975,8.615111,1,0,0,1.455881
433.683479,-5.950000,-4.332071,-8.067228,nan,-11.959809,-17.473282,-0.104212,4.215944,0,187,0,1.617929
433.880499,-5.910000,-4.926673,-14.415763,nan,-13.423611,-5.351145,-0.122652,11.137399,1,16,1,0.983327
434.088506,-5.960000,-5.122656,-10.915994,nan,-13.814662,-20.572519,0.174641,12.833448,0,36,0,0.837344
434.337412,-5.900000,-4.407933,-11.625915,nan,-13.551114,-9.496183,-0.289330,9.042667,1,65,1,1.492067
434.482512,-5.720000,-4.917335,-11.982204,nan,-11.143956,-0.847328,0.126844,12.717493,0,27,0,0.802665
434.680205,-5.460000,-4.585866,-10.439288,nan,-11.316984,15.687023,-0.426529,17.935057,0,33,0,0.874134
434.886646,-5.250000,-5.230320,-6.504672,nan,-9.436610,12.656488,-1.054292,11.642788,0,123,0,0.019680
435.085504,-5.140000,-4.958174,-8.727506,nan,-9.984347,26.671755,-0.186390,8.478640,1,9,1,0.181826
435.338391,-5.050000,-5.059628,-11.277721,nan,-10.709387,-4.305344,-0.480927,10.342611,1,58,1,-0.009628
435.480487,-4.910000,-5.338451,-7.471844,nan,-10.630319,-2.748092,-0.480927,11.415268,0,34,0,-0.428452
435.679736,-4.770000,-4.026615,-9.872202,nan,-9.872202,6.938931,-0.461185,11.008622,1,11,0,0.743385
435.881578,-4.780000,-3.606873,-7.757603,nan,-7.757603,-1.755725,-0.504386,9.811851,1,0,0,1.173127
436.080308,-4.760000,-2.930882,-7.757603,nan,-7.757603,7.503817,-0.319196,15.462664,0,200,0,1.829118
436.280507,-4.760000,-2.583389,-6.785226,nan,-6.785226,-13.160305,-0.520155,11.675496,0,42,0,2.176611
436.482509,-4.670000,-3.077294,-6.677955,nan,-6.677955,17.778625,-0.420608,19.762272,0,22,0,1.592706
436.680388,-4.580000,-2.072322,-9.896762,nan,-9.896762,-6.534351,-0.779857,11.754047,0,85,0,2.507678
436.879432,-4.550000,-2.124031,-13.063262,nan,-13.063262,7.465649,-0.584706,10.427103,1,11,0,2.425969
437.081500,-4.540000,-1.575914,-14.046156,nan,-14.046156,-22.366413,-1.220391,4.803083,0,61,0,2.964086
437.283512,-4.540000,-2.829763,-13.335433,nan,-13.335433,-22.274809,-0.663735,14.274001,0,68,0,1.710237
437.480779,-4.580000,-2.587261,-11.950804,nan,-11.950804,-10.648855,-0.400127,20.016886,0,80,0,1.992738
437.681579,-4.620000,-3.116865,-12.969319,nan,-12.969319,16.274809,-0.869899,13.206815,0,32,0,1.503135
437.879428,-4.650000,-3.453626,-8.935347,nan,-8.935347,-9.244275,-1.119308,16.263720,0,78,0,1.196374
438.089651,-4.640000,-2.621636,-13.612321,nan,-13.612321,-12.419847,-0.485971,16.875975,0,35,0,2.018364
438.288224,-4.780000,-2.687704,-13.347178,nan,-13.347178,17.916031,-0.386723,14.703618,0,30,0,2.092297
438.488649,-5.100000,-2.923185,-10.640158,nan,-10.640158,-10.251908,-0.042439,5.403223,0,41,0,2.176815
438.680486,-5.430000,-4.127707,-7.730205,nan,-7.730205,8.862596,-0.249022,13.497540,0,20,0,1.302293
438.888511,-5.720000,-3.826579,-6.039717,nan,-6.039717,22.259542,-0.087148,14.918343,0,77,0,1.893421
439.080386,-5.870000,-3.885020,-12.194860,nan,-12.194860,-2.770992,-0.439019,13.366810,0,20,0,1.984980
439.280479,-5.850000,-3.937140,-12.476605,nan,-12.476605,0.694656,-0.707636,14.077455,0,98,0,1.912860
439.479037,-5.780000,-4.374511,-11.253599,nan,-11.253599,3.610687,0.137667,7.904048,0,40,0,1.405489
439.679499,-5.640000,-4.233619,-11.998610,nan,-11.998610,-16.045801,-0.414764,11.817144,0,23,0,1.406381
439.891504,-5.540000,-3.084078,-11.998610,nan,-11.998610,18.251909,-0.116765,16.482494,0,240,0,2.455922
440.084748,-5.420000,-3.825778,-13.288794,nan,-13.288794,-7.946565,-0.251905,6.247782,0,149,0,1.594223
440.282482,-5.310000,-3.578821,-14.215827,nan,-14.215827,-19.053434,0.227288,12.624978,0,99,0,1.731179
440.485663,-5.290000,-3.445556,-13.392804,nan,-13.392804,-3.900763,-0.295688,9.770275,1,0,0,1.844444
440.687618,-5.370000,-3.458364,-13.872183,nan,-13.872183,-2.816794,-0.096697,6.600826,0,135,0,1.911636
440.882496,-5.470000,-3.975850,-13.611102,nan,-13.611102,14.839695,-0.132053,19.781137,0,130,0,1.494150
441.079598,-5.450000,-4.329063,-13.569783,nan,-13.569783,-14.374045,-0.374419,17.028826,0,30,0,1.120936
441.279487,-5.220000,-4.169242,-12.407655,nan,-12.407655,-0.305344,-0.648051,19.001709,0,107,0,1.050758
441.483506,-4.950000,-4.183190,-18.864489,nan,-18.864489,-25.351145,-0.234943,10.988552,1,5,0,0.766810
441.679536,-4.810000,-3.618403,-18.146879,nan,-18.146879,16.633587,-0.324619,11.522443,0,58,0,1.191597
441.883642,-4.640000,-4.454234,-17.908415,nan,-17.908415,-12.549619,-0.904628,19.632812,0,19,0,0.185766
442.080507,-4.530000,-3.751744,-16.702032,nan,-16.702032,3.961832,0.143276,6.614824,0,20,0,0.778256
442.281493,-4.510000,-4.364140,-14.286197,nan,-14.286197,-18.038168,0.072166,11.589422,0,130,0,0.145861
442.483514,-4.530000,-4.455295,-21.395571,nan,-21.395571,-15.167939,-0.097127,10.857561,1,0,0,0.074705
442.681575,-4.530000,-5.450259,-19.748259,nan,-19.748259,-25.282442,0.058538,18.233040,0,59,0,-0.920259
442.880124,-4.460000,-5.270646,-10.134343,nan,-10.134343,-5.809160,-0.539367,9.535774,1,11,0,-0.810646
443.079760,-4.420000,-4.581699,-10.134343,nan,-10.134343,-7.511450,0.202453,7.649894,0,207,0,-0.161699
443.280510,-4.390000,-4.314301,-9.197438,nan,-9.197438,10.725191,0.449110,14.166469,0,43,0,0.075699
443.484214,-4.390000,-4.122051,-6.671394,nan,-6.671394,14.557252,-0.282928,12.052070,0,36,0,0.267949
443.680323,-4.330000,-3.865292,-7.600060,nan,-7.600060,-7.541985,-0.284864,5.534537,0,118,0,0.464708
443.884486,-4.340000,-4.060967,-13.399476,nan,-13.399476,14.458015,-0.109619,6.495772,0,145,0,0.279033
444.079895,-4.390000,-4.373063,-14.634440,nan,-14.634440,10.839695,0.132907,5.960100,0,100,0,0.016937
444.281500,-4.420000,-5.008420,-10.266092,nan,-10.266092,7.389313,0.002378,18.023031,0,46,0,-0.588419
444.484643,-4.400000,-4.520226,-12.738147,nan,-12.738147,-2.687023,0.235169,8.163991,0,127,0,-0.120225
444.684795,-4.420000,-4.997436,-13.313176,nan,-13.313176,-18.519083,0.023339,8.443042,1,11,0,-0.577436
444.883800,-4.380000,-4.612504,-11.645247,nan,-11.645247,-9.854961,0.020405,19.711668,0,98,0,-0.232504
445.081478,-4.300000,-4.167230,-14.989182,nan,-14.989182,20.358778,0.094886,8.667083,1,9,0,0.132771
445.279511,-4.250000,-3.701021,-14.073572,nan,-14.073572,-18.633587,-0.025532,10.875276,1,0,0,0.548979
445.484505,-4.260000,-4.740479,-13.301118,nan,-13.301118,-14.755725,-0.065578,3.110432,0,32,0,-0.480479
445.683552,-4.270000,-5.015355,-11.789043,nan,-11.789043,16.893129,0.207896,18.628281,0,38,0,-0.745355
445.881790,-4.260000,-5.364787,-8.850130,nan,-8.850130,-10.755725,-0.009842,13.069100,0,60,0,-1.104787
446.087391,-4.310000,-4.846928,-8.182883,nan,-8.182883,15.564885,0.301471,10.837788,1,0,0,-0.536928
446.279445,-4.380000,-4.857918,-9.329500,nan,-9.329500,-17.870230,0.377647,11.454287,0,42,0,-0.477918
446.479012,-4.380000,-4.247162,-15.143372,nan,-15.143372,18.343512,-0.084772,11.044907,1,13,0,0.132838
446.690839,-4.360000,-3.900673,-16.008781,nan,-16.008781,2.839695,-0.114864,11.622100,0,116,0,0.459327
446.880493,-4.270000,-4.226919,-13.130571,nan,-13.130571,-0.839695,-0.055492,15.568664,0,34,0,0.043081
447.080494,-4.160000,-4.490692,-12.376474,nan,-12.376474,-17.610687,0.452771,12.638409,0,123,0,-0.330692
447.283514,-4.020000,-4.614351,-13.195760,nan,-13.195760,-4.305344,0.381415,15.102728,0,115,0,-0.594351
447.506990,-3.890000,-5.010551,-11.450764,nan,-11.450764,-7.229008,0.136401,11.274505,1,105,0,-1.120551
447.681791,-3.800000,-5.485731,-10.063567,nan,-10.063567,3.419847,0.302764,17.014555,0,92,0,-1.685731
447.879801,-3.890000,-5.362311,-11.986687,nan,-11.986687,3.877863,0.072285,8.264548,0,103,0,-1.472311
448.083648,-3.940000,-5.840585,-10.994719,nan,-10.994719,-2.442748,0.403465,13.416474,0,157,0,-1.900585
448.281501,-3.930000,-5.619764,-11.004776,nan,-11.004776,-4.251908,0.690742,7.082411,0,29,0,-1.689764
448.481511,-3.900000,-5.487751,-9.388804,nan,-9.388804,4.206107,0.100253,10.631509,1,59,0,-1.587751
448.680486,-3.850000,-5.659667,-7.399380,nan,-7.399380,0.351145,0.188382,12.625663,0,35,0,-1.809667
448.885684,-3.840000,-6.358379,-6.749961,nan,-6.749961,-4.992366,-0.099375,10.757753,1,0,0,-2.518379
449.087653,-3.970000,-6.540872,-7.787035,nan,-7.787035,-19.152672,0.095827,7.542351,0,154,0,-2.570872
449.281586,-3.990000,-4.914510,-5.644810,nan,-5.644810,24.312977,0.577434,7.799537,0,104,0,-0.924510
449.480056,-3.830000,-4.979468,-2.903951,nan,-2.903951,-3.526718,0.060758,7.639264,0,74,0,-1.149468
449.691511,-3.740000,-4.348969,-1.272581,nan,-1.272581,-8.900764,0.660114,10.034704,1,11,0,-0.608969
449.886647,-3.900000,-4.426741,-5.094793,nan,-5.094793,-22.725191,0.232095,7.672128,0,33,0,-0.526741
450.081494,-4.200000,-4.111699,-5.094793,nan,-5.094793,13.320611,0.353362,13.192627,0,226,0,0.088301
450.280194,-4.600000,-3.901309,-9.448328,nan,-9.448328,-17.832062,0.356301,5.517384,0,75,0,0.698690
450.503050,-5.110000,-4.149125,-6.739342,nan,-6.739342,-9.152672,0.276923,8.871354,1,58,0,0.960875
450.685548,-5.540000,-4.173426,-11.959785,nan,-11.959785,-22.267176,0.880287,13.282393,0,63,0,1.366574
450.879496,-5.790000,-3.420666,-11.932093,nan,-11.932093,16.519083,0.686980,6.450441,0,32,0,2.369334
451.079829,-5.850000,-3.719992,-11.932093,nan,-11.932093,2.854962,0.335788,6.756575,0,227,0,2.130008
451.289651,-5.880000,-4.092180,-11.932093,nan,-11.932093,-7.145038,-0.087366,17.936773,0,436,0,1.787820
451.519762,-5.840000,-4.306632,-15.281874,nan,-15.281874,7.549618,0.241016,8.391038,1,59,0,1.533369
451.682641,-5.860000,-4.189572,-15.281874,nan,-15.281874,-1.885496,0.524506,17.629316,0,202,0,1.670428
451.879468,-5.920000,-4.970105,-13.077114,nan,-13.077114,7.633588,0.440729,15.350767,0,29,0,0.949895
452.081879,-5.800000,-4.645981,-8.491278,nan,-8.491278,-3.229008,0.529126,14.459053,0,55,0,1.154019
452.281494,-5.690000,-4.645881,-5.083693,nan,-5.083693,-27.572519,0.513041,10.419910,1,11,0,1.044119
452.526099,-5.650000,-4.672778,-4.782203,nan,-4.782203,0.068702,0.225182,10.982912,1,57,0,0.977222
452.684643,-5.680000,-4.284259,-0.278956,nan,-0.278956,-6.809160,0.619173,13.610535,0,45,0,1.395741
452.888511,-5.600000,-3.581992,-0.278956,nan,-0.278956,-4.251908,0.443561,18.983025,0,253,0,2.018008
453.081509,-5.400000,-3.086029,-1.640468,nan,-1.640468,-23.801527,0.024358,10.644847,1,15,0,2.313971
453.281778,-5.250000,-3.503533,-1.612898,nan,-1.612898,-14.816793,0.083607,15.292185,0,58,0,1.746467
453.480479,-5.170000,-3.124768,-4.381106,nan,-4.381106,-27.122137,0.140406,12.982436,0,44,0,2.045232
453.683640,-5.130000,-1.888052,-5.351910,nan,-5.351910,-16.786259,0.215040,11.252064,1,0,0,3.241948
453.879464,-5.140000,-1.239718,-5.351910,nan,-5.351910,2.916031,0.141384,16.662636,0,207,0,3.900282
454.083784,-5.030000,-1.677387,-5.351910,nan,-5.351910,5.480916,0.067930,11.900565,0,402,0,3.352613
454.283473,-4.850000,-2.573916,-7.178055,nan,-7.178055,9.770992,0.234166,9.393155,1,3,0,2.276084
454.485758,-4.670000,-2.573249,-6.989668,nan,-6.989668,6.244275,0.334864,12.672476,0,26,0,2.096751
454.680754,-4.530000,-2.498520,-6.478537,nan,-6.478537,24.206106,1.455016,14.885588,0,155,0,2.031480
454.880247,-4.480000,-3.182229,-6.478537,nan,-6.478537,-1.022901,0.342153,13.944996,0,364,0,1.297771
455.079834,-4.540000,-3.474346,-9.692512,nan,-9.692512,25.053434,0.843076,11.908379,0,20,0,1.065654
455.279584,-4.540000,-3.896192,-13.156835,nan,-13.156835,13.503817,1.032521,8.389354,1,13,0,0.643808
455.478931,-4.580000,-3.664447,-13.156835,nan,-13.156835,-11.244275,0.261470,7.353465,0,206,0,0.915553
455.682645,-4.600000,-4.509117,-21.425985,nan,-21.425985,-5.244275,1.028486,5.235576,0,83,0,0.090883
455.884646,-4.540000,-4.380038,-16.702074,nan,-16.702074,-11.732824,0.876586,11.474459,0,21,0,0.159962
456.083795,-4.440000,-4.517218,-16.705839,nan,-16.705839,-5.061069,0.651866,16.420748,0,72,0,-0.077218
456.280484,-4.440000,-4.578123,-14.048381,nan,-14.048381,-6.358778,0.707720,14.134522,0,20,0,-0.138123
456.488857,-4.550000,-4.813163,-13.533954,nan,-13.533954,-9.572519,0.661522,17.009680,0,135,0,-0.263163
456.678976,-4.630000,-4.776891,-13.533954,nan,-13.533954,-3.175573,0.713999,5.753750,0,325,0,-0.146891
456.880157,-4.650000,-5.253801,-11.684748,nan,-11.684748,-2.984733,0.303722,13.059860,0,75,0,-0.603801
457.080492,-4.760000,-4.581621,-11.542654,nan,-11.542654,-7.679389,0.744164,13.426053,0,37,0,0.178379
457.288650,-4.900000,-4.318800,-11.144798,nan,-11.144798,-14.580153,0.600880,6.774379,0,148,0,0.581200
457.483239,-4.910000,-3.957492,-10.388843,nan,-10.388843,-0.038168,0.763946,16.036409,0,34,0,0.952508
457.682795,-4.910000,-3.420718,-9.871071,nan,-9.871071,-28.496183,1.057089,6.877456,0,121,0,1.489282
457.884396,-4.990000,-3.141329,-12.351785,nan,-12.351785,4.900764,0.892728,13.587691,0,41,0,1.848671
458.081564,-5.060000,-2.502672,-12.351785,nan,-12.351785,-7.083970,0.781012,8.163314,0,246,0,2.557328
458.279735,-5.070000,-2.670128,-9.041209,nan,-9.041209,-9.404580,0.380924,11.531793,0,36,0,2.399873
458.479980,-5.070000,-1.695810,-8.929445,nan,-8.929445,-19.656488,0.732640,11.826007,0,67,0,3.374190
458.681488,-5.090000,-1.218755,-6.552491,nan,-6.552491,12.015267,0.776450,15.202785,0,107,0,3.871245
458.879869,-5.090000,-1.367844,-7.242535,nan,-7.242535,18.312977,0.436627,9.300705,1,11,0,3.722157
459.086519,-5.080000,-1.074959,-7.242535,nan,-7.242535,-14.061069,0.411752,6.759828,0,224,0,4.005041
459.281495,-5.130000,-2.044488,-8.803756,nan,-8.803756,-12.580153,0.604657,20.186153,0,26,0,3.085512
459.480512,-5.150000,-0.967328,-8.803756,nan,-8.803756,-8.183207,-0.020442,5.526270,0,223,0,4.182672
459.681479,-5.130000,-1.932602,-8.803756,nan,-8.803756,-1.229008,0.197269,19.426474,0,423,0,3.197398
459.883790,-5.120000,-2.271961,-8.803756,nan,-8.803756,10.320611,0.286246,5.773632,0,634,0,2.848038
460.080796,-5.070000,-3.151141,-7.155467,nan,-7.155467,-13.885496,-0.324476,12.589940,0,80,0,1.918859
460.283789,-5.120000,-2.760734,-3.495394,nan,-3.495394,3.610687,0.404132,7.897687,0,20,0,2.359266
460.480479,-5.120000,-3.232003,0.465769,nan,0.465769,-14.664123,0.318857,16.207544,0,85,0,1.887997
460.685650,-5.040000,-2.714463,-2.468910,nan,-2.468910,-19.908398,0.191379,11.707137,0,88,0,2.325537
460.880483,-5.020000,-3.165503,-3.563928,nan,-3.563928,13.358779,-0.204807,6.491563,0,154,0,1.854497
461.080922,-5.040000,-3.426645,-1.812643,nan,-1.812643,3.786260,-0.211582,14.817724,0,77,0,1.613355
461.281477,-5.090000,-3.305179,-1.530286,nan,-1.530286,10.419847,-0.104213,12.884209,0,52,0,1.784821
461.479797,-5.110000,-4.475741,0.243553,nan,0.243553,6.366412,0.208355,16.832008,0,26,0,0.634259
461.716693,-5.080000,-4.049227,-0.390734,nan,-0.390734,-6.748092,0.035048,11.723642,0,127,0,1.030773
461.887527,-4.930000,-4.074104,0.547694,nan,0.547694,13.335877,-0.254395,13.031211,0,19,0,0.855896
462.082509,-4.760000,-3.871364,-1.914691,nan,-1.914691,-0.595420,0.362244,13.406111,0,135,0,0.888636
462.283776,-4.610000,-3.246709,-1.872194,nan,-1.872194,11.022901,-0.168900,14.496772,0,156,0,1.363291
462.481519,-4.490000,-3.560867,-1.872194,nan,-1.872194,-25.511450,-0.119040,12.577874,0,359,0,0.929133
462.682653,-4.380000,-3.640523,-1.386498,nan,-1.386498,1.503817,-0.417366,11.583081,0,74,0,0.739477
462.879555,-4.350000,-3.378743,-9.624762,nan,-9.624762,-2.015267,-0.543466,7.172032,0,29,0,0.971257
463.078837,-4.330000,-3.876033,-9.972503,nan,-9.972503,8.053435,-0.450531,11.170617,1,11,0,0.453967
463.280798,-4.360000,-3.408170,-9.695538,nan,-9.695538,7.312977,-0.583237,6.918981,0,58,0,0.951830
463.478556,-4.330000,-3.891808,-10.146043,nan,-10.146043,18.076336,-0.746444,14.720317,0,110,0,0.438192
463.706720,-4.140000,-3.622201,-13.978118,nan,-13.978118,1.251908,-0.524753,11.046889,1,69,0,0.517798
463.878916,-3.910000,-4.280341,-14.225392,nan,-14.225392,-21.473282,-0.752709,8.378268,1,16,0,-0.370341
464.079584,-3.850000,-4.697890,-11.773740,nan,-11.773740,-7.099236,-0.626150,20.056063,0,20,0,-0.847890
464.280499,-3.820000,-5.073308,-12.971675,nan,-12.971675,11.145039,-0.715710,11.755309,0,66,0,-1.253308
464.483515,-3.970000,-5.369636,-9.483789,nan,-9.483789,-8.832061,-0.919101,13.036778,0,34,0,-1.399636
464.702959,-4.220000,-4.818466,-8.798255,nan,-8.798255,-4.122138,-1.242030,5.989182,0,99,0,-0.598466
464.886506,-4.430000,-5.292106,-8.902630,nan,-8.902630,-1.900763,-0.264508,9.850780,1,0,0,-0.862106
465.083487,-4.580000,-4.927133,-8.902630,nan,-8.902630,-5.679389,-1.169992,17.312450,0,202,0,-0.347133
465.281878,-4.640000,-5.109762,-8.912350,nan,-8.912350,6.129771,-0.593487,15.272654,0,100,0,-0.469762
465.482617,-4.650000,-4.976230,-9.384157,nan,-9.384157,16.786259,-0.903939,19.826012,0,125,0,-0.326230
465.730114,-4.630000,-5.460353,-7.826488,nan,-7.826488,6.694656,-1.015628,14.929340,0,94,0,-0.830353
465.881501,-4.610000,-6.106298,-6.947646,nan,-6.947646,23.748091,-1.071234,7.916547,0,83,0,-1.496298
466.087280,-4.740000,-6.426404,-6.578458,nan,-6.578458,-14.351145,-0.515895,12.350806,0,56,0,-1.686405
466.282557,-4.840000,-5.062898,-5.754133,nan,-5.754133,-6.442748,-0.843498,11.559771,0,79,0,-0.222898
466.481867,-4.830000,-4.742248,-7.359840,nan,-7.359840,-10.923664,-0.444703,13.345504,0,138,0,0.087752
466.724199,-4.860000,-4.641817,-6.392215,nan,-6.392215,3.519084,-0.608641,11.829981,0,208,0,0.218183
466.888415,-4.880000,-5.028164,-8.226828,nan,-8.226828,-23.404581,-0.090248,12.937252,0,27,0,-0.148164
467.081483,-4.920000,-4.245854,-7.218783,nan,-7.218783,9.076336,-0.149863,14.490851,0,76,0,0.674146
467.284840,-4.980000,-4.118751,-8.682235,nan,-8.682235,-11.160305,-0.151931,11.290857,1,14,0,0.861249
467.480050,-5.020000,-4.077793,-9.066433,nan,-9.066433,10.748092,-0.009817,18.798998,0,43,0,0.942207
467.745061,-5.010000,-3.664782,-10.800746,nan,-10.800746,-7.083970,-0.167146,5.495297,0,170,0,1.345219
467.884340,-5.010000,-3.652408,-16.563070,nan,-16.563070,30.931297,-0.301482,9.809055,1,0,0,1.357592
468.083653,-5.010000,-4.814464,-11.790097,nan,-11.790097,4.557252,-0.011840,11.077036,1,0,0,0.195536
468.281571,-4.940000,-4.118396,-11.260518,nan,-11.260518,-15.870229,0.019350,14.217449,0,35,0,0.821604
468.480504,-4.990000,-4.447070,-5.045050,nan,-5.045050,1.297710,-0.280720,14.129224,0,24,0,0.542930
468.679486,-4.960000,-4.356087,-7.790143,nan,-7.790143,2.625954,-0.192043,14.905787,0,98,0,0.603913
468.883776,-4.870000,-4.374781,-7.790143,nan,-7.790143,-16.122137,-0.768941,13.299019,0,297,0,0.495219
469.088628,-4.790000,-4.228783,-9.032647,nan,-9.032647,-0.549618,-0.019698,8.215128,0,96,0,0.561217
469.279498,-4.710000,-4.741179,-11.501993,nan,-11.501993,14.076336,-0.683812,7.579013,0,134,0,-0.031179
469.478414,-4.590000,-5.265743,-10.859787,nan,-10.859787,-0.366412,-0.302221,18.321045,0,137,0,-0.675743
469.688849,-4.540000,-4.670076,-10.898214,nan,-10.898214,6.396946,0.079635,8.793132,1,0,0,-0.130076
469.880499,-4.520000,-5.513760,-12.249931,nan,-12.249931,-11.961832,-0.453906,3.289807,0,168,0,-0.993760
470.080503,-4.420000,-5.376005,-13.549870,nan,-13.549870,7.885496,-0.405960,20.674374,0,37,0,-0.956005
470.283786,-4.280000,-5.760352,-10.753612,nan,-10.753612,23.763359,-0.490597,14.654034,0,83,0,-1.480352
470.478521,-4.170000,-5.751339,-8.592770,nan,-8.592770,-4.190840,0.044928,9.109614,1,0,0,-1.581339
470.681645,-4.120000,-4.824872,-8.592770,nan,-8.592770,24.419847,-0.503515,6.150064,0,192,0,-0.704873
470.883487,-4.060000,-5.320211,-6.621464,nan,-6.621464,-2.282443,-0.981108,9.155771,1,0,0,-1.260211
471.083787,-3.970000,-6.014913,-5.144886,nan,-5.144886,-19.923664,-0.303864,9.922780,1,0,0,-2.044913
471.286644,-3.860000,-5.977126,-6.993228,nan,-6.993228,6.038168,-0.292774,12.407459,0,71,0,-2.117126
471.480586,-3.710000,-5.741568,-4.499600,nan,-4.499600,-16.435114,-0.533164,4.316809,0,27,0,-2.031568
471.678536,-3.530000,-5.482896,-6.897688,nan,-6.897688,3.312977,-0.304817,13.102359,0,60,0,-1.952896
471.880493,-3.420000,-5.878104,-10.590128,nan,-10.590128,-0.854962,-1.186327,7.569892,0,66,0,-2.458104
472.083510,-3.420000,-4.787126,-8.634549,nan,-8.634549,15.816793,-0.628773,11.056883,1,9,0,-1.367126
472.279658,-3.460000,-5.738585,-13.484341,nan,-13.484341,-29.557251,-0.380944,15.621472,0,33,0,-2.278585
472.480625,-3.460000,-4.939277,-15.153041,nan,-15.153041,-7.328244,-0.429452,7.773626,0,30,0,-1.479277
472.685522,-3.390000,-4.572845,-13.048996,nan,-13.048996,-12.282443,-0.460038,14.335219,0,20,0,-1.182845
472.881794,-3.360000,-4.269539,-19.162022,nan,-19.162022,-13.671756,-0.792476,4.299911,0,136,0,-0.909539
473.081561,-3.370000,-3.795804,-17.720480,nan,-17.720480,-30.015266,0.254402,12.818513,0,104,0,-0.425804
473.290523,-3.480000,-4.291790,-17.306852,nan,-17.306852,-12.206107,-0.775193,3.749601,0,54,0,-0.811790
473.481003,-3.770000,-4.159096,-16.280827,nan,-16.280827,-0.610687,-0.124133,11.990231,0,141,0,-0.389096
473.690726,-4.210000,-4.791091,-13.614477,nan,-13.614477,28.641222,0.013679,11.785610,0,55,0,-0.581091
473.880916,-4.600000,-5.463862,-8.895285,nan,-8.895285,-10.717557,0.180888,11.860330,0,117,0,-0.863862
474.083513,-4.900000,-6.740338,-7.769068,nan,-7.769068,-16.641222,0.627174,12.867782,0,31,0,-1.840338
474.280763,-5.220000,-6.296419,-14.070568,nan,-14.070568,25.725191,-0.091210,16.452524,0,25,0,-1.076419
474.482532,-5.440000,-6.679818,-19.184011,nan,-19.184011,-11.229008,0.295078,13.871998,0,96,0,-1.239818
474.681480,-5.490000,-7.029532,-16.790867,nan,-16.790867,-10.587787,0.073946,15.133535,0,20,0,-1.539532
474.881495,-5.360000,-7.372252,-16.790867,nan,-16.790867,-25.557251,0.199765,12.922874,0,217,0,-2.012252
475.084778,-5.340000,-7.777630,-20.692953,nan,-20.692953,10.595420,0.353965,6.277511,0,88,0,-2.437630
475.286632,-5.400000,-7.260784,-21.748682,nan,-21.748682,34.717556,-0.277783,19.422140,0,26,0,-1.860784
475.481048,-5.450000,-7.956410,-21.748682,nan,-21.748682,-6.824428,0.299918,13.688048,0,219,0,-2.506410
475.686625,-5.450000,-8.656589,-20.593277,nan,-20.593277,2.969466,0.080333,8.800525,1,3,0,-3.206589
475.884643,-5.450000,-8.200788,-20.593277,nan,-20.593277,-22.564886,0.073617,15.936904,0,216,0,-2.750788
476.086628,-5.460000,-8.078677,-13.200194,nan,-13.200194,-16.755726,-0.414278,15.498237,0,29,0,-2.618677
476.284716,-5.490000,-8.037709,-13.376593,nan,-13.376593,-20.137405,-0.061102,17.374134,0,25,0,-2.547709
476.480763,-5.520000,-8.110991,-11.256684,nan,-11.256684,-19.427481,0.148970,13.393397,0,47,0,-2.590991
476.678496,-5.510000,-7.641729,-9.844905,nan,-9.844905,-3.343511,-0.256005,9.970385,1,12,0,-2.131729
476.882212,-5.450000,-7.294142,-14.469348,nan,-14.469348,8.755725,-0.137880,15.806811,0,106,0,-1.844142
477.079440,-5.390000,-7.611532,-17.793062,nan,-17.793062,-11.610687,0.100814,9.250862,1,0,0,-2.221532
477.284708,-5.390000,-6.477757,-17.367601,nan,-17.367601,10.000000,-0.286130,9.759882,1,8,0,-1.087758
477.487643,-5.480000,-6.994923,-17.538044,nan,-17.538044,-4.923664,0.325081,20.144445,0,160,0,-1.514923
477.682637,-5.470000,-6.610200,-15.236776,nan,-15.236776,11.374045,0.379285,16.141047,0,48,0,-1.140201
477.884728,-5.490000,-7.139288,-14.541560,nan,-14.541560,-15.763359,0.114167,18.303465,0,77,0,-1.649288
478.082467,-5.490000,-7.179841,-12.106941,nan,-12.106941,-22.213741,-0.226925,4.576997,0,27,0,-1.689841
478.282483,-5.470000,-7.509893,-13.017356,nan,-13.017356,-5.641222,0.196438,13.142711,0,20,0,-2.039894
478.487515,-5.410000,-7.443982,-11.547050,nan,-11.547050,-2.160305,0.083805,18.361929,0,75,0,-2.033982
478.679331,-5.310000,-7.174152,-11.574744,nan,-11.574744,-0.076336,-0.251002,17.308725,0,140,0,-1.864152
478.888508,-5.190000,-6.725620,-12.526598,nan,-12.526598,23.343512,-0.133648,19.919369,0,115,0,-1.535620
479.080811,-5.060000,-6.714737,-9.933687,nan,-9.933687,-8.923664,-0.491652,19.876469,0,22,0,-1.654737
479.281498,-4.990000,-6.430962,-6.952940,nan,-6.952940,2.503817,-0.627922,10.075949,1,3,0,-1.440962
479.480505,-5.040000,-6.869459,-8.162000,nan,-8.162000,-5.404580,0.053395,18.807623,0,21,0,-1.829459
479.687644,-5.160000,-6.001203,-8.162000,nan,-8.162000,20.458015,0.063644,16.304363,0,226,0,-0.841203
479.887652,-5.170000,-6.189281,-7.223211,nan,-7.223211,1.381679,-0.168261,8.589197,1,53,0,-1.019281
480.079422,-5.170000,-6.485752,-6.445678,nan,-6.445678,-5.267176,-0.690580,14.101228,0,54,0,-1.315752
480.281475,-5.110000,-6.623964,-4.614710,nan,-4.614710,-11.236641,-0.072859,10.984333,1,0,0,-1.513964
480.482502,-4.990000,-5.957203,-7.419028,nan,-7.419028,-2.175573,0.039198,6.838211,0,36,0,-0.967204
480.678571,-4.870000,-5.314919,-13.502171,nan,-13.502171,25.351145,0.040820,10.877869,1,16,0,-0.444919
480.899203,-4.730000,-6.018265,-11.921958,nan,-11.921958,20.763359,0.712294,13.661437,0,168,0,-1.288265
481.087647,-4.630000,-5.703195,-11.921958,nan,-11.921958,-6.297710,-0.455272,17.656855,0,340,0,-1.073195
481.279405,-4.570000,-5.845140,-12.602924,nan,-12.602924,-6.381680,-0.079703,11.417300,0,71,0,-1.275139
481.479850,-4.550000,-5.459270,-9.326421,nan,-9.326421,17.725191,-0.015115,17.550171,0,87,0,-0.909269
481.681507,-4.510000,-4.607021,-6.937645,nan,-6.937645,-20.847328,-0.001589,9.770617,1,0,0,-0.097021
481.911181,-4.470000,-4.357203,-7.002907,nan,-7.002907,4.526718,0.017594,15.604280,0,77,0,0.112796
482.081728,-4.410000,-3.953712,-7.002907,nan,-7.002907,5.053435,-0.217780,13.082945,0,228,0,0.456288
482.281498,-4.340000,-4.013990,-5.820157,nan,-5.820157,-3.221374,0.121877,18.772465,0,148,0,0.326010
482.479475,-4.290000,-4.222110,-5.896182,nan,-5.896182,0.312977,0.321925,20.527781,0,126,0,0.067890
482.686305,-4.260000,-3.915380,-7.691762,nan,-7.691762,-6.648855,0.446752,5.565725,0,31,0,0.344620
482.970574,-4.200000,-3.899651,-11.340880,nan,-11.340880,19.496183,-0.096702,19.833372,0,126,0,0.300349
483.084508,-4.170000,-3.969610,-11.340880,nan,-11.340880,-22.480917,-0.168991,7.129746,0,231,0,0.200390
483.286570,-4.160000,-4.018991,-11.706980,nan,-11.706980,-7.473282,0.462217,13.692746,0,71,0,0.141009
483.492644,-4.110000,-3.933039,-12.584077,nan,-12.584077,-3.526718,-0.101929,12.902346,0,47,0,0.176961
483.677642,-4.090000,-3.663806,-10.848428,nan,-10.848428,25.435114,0.403950,15.922013,0,148,0,0.426194
483.926228,-4.050000,-4.228523,-10.284301,nan,-10.284301,-14.854961,-0.379586,14.293869,0,78,0,-0.178523
484.085506,-4.000000,-3.980234,-8.669594,nan,-8.669594,-5.618320,0.139705,5.364638,0,42,0,0.019766
484.284486,-3.970000,-3.822785,-9.461824,nan,-9.461824,-22.916031,0.486461,2.613126,0,95,0,0.147215
484.480512,-3.910000,-3.777940,-10.336349,nan,-10.336349,-8.977099,-0.169046,9.326076,1,9,0,0.132061
484.678604,-3.810000,-4.133543,-8.109888,nan,-8.109888,-0.687023,0.213009,6.163739,0,58,0,-0.323543
484.935758,-3.690000,-4.407942,-9.398639,nan,-9.398639,-23.145039,-0.009500,9.102031,1,58,0,-0.717942
485.079660,-3.600000,-4.341636,-9.398639,nan,-9.398639,-9.847328,-0.170583,13.834997,0,178,0,-0.741636
485.281500,-3.520000,-4.036042,-10.520338,nan,-10.520338,1.435115,-0.537448,19.650599,0,123,0,-0.516042
485.483519,-3.470000,-3.544991,-13.604451,nan,-13.604451,-12.183207,-0.416960,13.611281,0,29,0,-0.074991
485.691647,-3.460000,-3.565088,-16.318609,nan,-16.318609,4.770992,-0.204128,17.125114,0,159,0,-0.105088
485.879431,-3.470000,-3.917976,-13.242926,nan,-13.242926,-16.648855,-0.078948,9.904410,1,11,0,-0.447976
486.080724,-3.540000,-3.958568,-16.692661,nan,-16.692661,-23.641222,0.567936,11.287641,1,0,0,-0.418568
486.279473,-3.610000,-3.210649,-8.820642,nan,-8.820642,-6.251908,0.378334,10.317078,1,0,0,0.399350
486.481509,-3.630000,-3.433697,-9.393233,nan,-9.393233,-3.427481,-0.466692,8.485847,1,0,0,0.196303
486.677494,-3.650000,-3.456119,-13.229098,nan,-13.229098,11.320611,0.013567,10.996416,1,9,0,0.193881
486.881592,-3.690000,-3.799274,-11.292209,nan,-11.292209,-9.816793,0.332466,6.576834,0,19,0,-0.109274
487.088635,-3.700000,-3.005387,-9.371582,nan,-9.371582,23.877863,-0.453848,12.833357,0,60,0,0.694613
487.285639,-3.680000,-3.142945,-6.024646,nan,-6.024646,7.167939,-0.818936,12.212893,0,116,0,0.537055
487.479494,-3.700000,-3.738963,-6.631494,nan,-6.631494,-1.534351,-0.188200,11.549596,0,94,0,-0.038963
487.680708,-3.780000,-3.557655,-5.919639,nan,-5.919639,-23.427481,-0.532761,16.141897,0,97,0,0.222345
487.881496,-3.840000,-2.993689,-6.987370,nan,-6.987370,-7.893130,-0.442766,14.318361,0,127,0,0.846311
488.081589,-3.910000,-3.113873,-9.917770,nan,-9.917770,-13.603053,-0.614794,9.629490,1,0,0,0.796127
488.279731,-4.030000,-3.285730,-7.277517,nan,-7.277517,6.900764,-0.443248,14.914265,0,96,0,0.744270
488.481357,-4.110000,-3.642185,-6.322846,nan,-6.322846,-9.648855,0.351982,14.311892,0,145,0,0.467815
488.680495,-4.170000,-3.285321,-6.551943,nan,-6.551943,-10.564885,-0.666522,17.964741,0,20,0,0.884680
488.887640,-4.300000,-2.800735,-3.073779,nan,-3.073779,6.778626,-0.372749,18.067587,0,98,0,1.499266
489.081477,-4.460000,-2.794013,-3.445440,nan,-3.445440,-10.351145,-0.651537,13.118082,0,105,0,1.665987
489.281586,-4.630000,-2.259065,-2.397095,nan,-2.397095,12.137404,-0.292012,12.752939,0,185,0,2.370935
489.479696,-4.800000,-2.899190,-4.640174,nan,-4.640174,-21.000000,-0.212439,14.051566,0,75,0,1.900810
489.679611,-4.980000,-2.852739,-4.640174,nan,-4.640174,19.740458,-0.098817,17.903393,0,281,0,2.127261
489.885509,-5.200000,-3.327395,-6.626788,nan,-6.626788,-16.633587,-0.233390,15.212965,0,140,0,1.872605
490.085925,-5.570000,-3.275515,-5.767808,nan,-5.767808,-13.610687,-0.177373,3.961133,0,155,0,2.294485
490.283516,-5.870000,-3.875937,-7.466534,nan,-7.466534,-12.022901,-0.396845,15.989448,0,144,0,1.994063
490.491563,-6.140000,-4.396956,-10.942397,nan,-10.942397,-14.351145,0.399424,6.239878,0,97,0,1.743044
490.681503,-6.500000,-5.325808,-2.202880,nan,-2.202880,7.923664,-0.649938,8.907330,1,3,0,1.174192
490.885641,-6.840000,-5.751712,-3.082870,nan,-3.082870,5.534351,-0.766327,18.345747,0,40,0,1.088288
491.080504,-7.100000,-5.866536,-9.959796,nan,-9.959796,9.106871,0.499668,7.954156,0,128,0,1.233464
491.280404,-7.280000,-6.165165,-7.812739,nan,-7.812739,-8.717557,0.528199,12.341978,0,138,0,1.114835
491.480852,-7.390000,-5.718779,-8.791932,nan,-8.791932,18.603054,-0.075681,8.414033,1,11,0,1.671221
491.681588,-7.510000,-6.123290,-8.791932,nan,-8.791932,-19.396946,0.413576,15.522929,0,209,0,1.386711
491.884506,-7.750000,-6.183084,-5.262249,nan,-5.262249,17.687023,0.727374,9.257347,1,10,0,1.566916
492.081480,-7.980000,-6.022264,-5.262249,nan,-5.262249,5.595420,0.362519,12.946959,0,197,0,1.957736
492.280764,-7.980000,-7.191275,-5.262249,nan,-5.262249,3.458015,0.962658,12.961409,0,408,0,0.788725
492.479497,-7.840000,-6.317140,-4.828613,nan,-4.828613,-22.183207,-0.587575,14.403687,0,22,0,1.522861
492.682639,-7.720000,-5.925926,-4.828613,nan,-4.828613,16.725191,0.396627,11.512599,0,216,0,1.794074
492.881509,-7.640000,-5.286444,-2.816645,nan,-2.816645,-9.099236,-0.003056,5.581110,0,45,0,2.353556
493.081607,-7.660000,-5.428264,-3.219446,nan,-3.219446,2.473282,0.337008,9.556806,1,59,0,2.231736
493.286646,-7.610000,-5.057238,-1.392881,nan,-1.392881,15.687023,0.192865,9.912242,1,0,0,2.552762
493.487505,-7.510000,-5.141513,-4.983782,nan,-4.983782,-5.770992,0.460486,12.403871,0,28,0,2.368487
493.684662,-7.410000,-5.104007,-3.792187,nan,-3.792187,-10.862596,0.730357,5.881879,0,139,0,2.305993
493.880718,-7.310000,-4.882224,-7.103628,nan,-5.776793,10.557252,0.063251,13.059256,0,31,0,2.427776
494.082346,-7.230000,-5.719644,-8.256703,nan,-3.068722,9.465649,0.148357,11.052579,1,57,1,1.510356
494.279704,-7.170000,-5.478966,-2.097673,nan,-0.869298,-20.183207,0.297988,15.999230,0,20,0,1.691034
494.486426,-7.130000,-5.589785,-4.840165,nan,0.117507,-3.572519,0.790356,5.793006,0,89,0,1.540215
494.682507,-7.060000,-5.539368,0.229679,nan,0.434138,-27.396946,0.354265,9.921222,1,13,1,1.520632
494.882510,-7.070000,-5.386632,-8.522735,nan,-5.666372,6.954198,0.571054,19.362995,0,57,0,1.683368
495.083879,-7.140000,-5.399965,-4.981397,nan,-5.504773,-8.473283,0.248851,9.432169,1,58,1,1.740035
495.284494,-7.160000,-4.710075,-12.045168,nan,-5.348140,-20.015266,-0.122147,15.535093,0,33,0,2.449925
495.487339,-7.100000,-3.898541,-11.017326,nan,-7.215725,10.435115,0.570113,10.789072,1,11,0,3.201459
495.690670,-7.040000,-4.383055,-13.270452,nan,-11.239652,-16.931297,0.303927,11.291900,1,2,1,2.656945
495.879503,-6.950000,-3.438635,-13.809782,nan,-10.850637,28.091602,0.458890,10.676565,1,8,1,3.511364
496.084954,-6.910000,-4.002793,-13.809782,nan,-10.850637,-6.282443,0.276508,16.692631,0,227,0,2.907207
496.282500,-6.920000,-3.679726,-14.147250,nan,-12.711628,1.854962,-0.123511,19.433619,0,66,0,3.240274
496.481516,-6.860000,-4.046684,-14.832991,nan,-10.104539,31.229008,0.750071,14.149458,0,106,0,2.813316
496.684510,-6.770000,-2.901228,-14.832991,nan,-10.104539,-4.038168,0.354097,11.331073,0,313,0,3.868772
496.880499,-6.810000,-3.190175,-12.101928,nan,-10.479559,13.961832,0.015737,20.544172,0,90,0,3.619825
497.092619,-6.840000,-2.778702,-13.363328,nan,-10.601996,-9.664123,-0.119571,14.684618,0,80,0,4.061298
497.282727,-6.790000,-4.276165,-11.932954,nan,-11.261427,-9.763359,0.110484,10.961024,1,12,1,2.513835
497.490529,-6.780000,-4.670688,-8.546750,nan,-8.542994,-25.694656,0.000596,11.903012,0,80,0,2.109312
497.683593,-6.710000,-4.101981,-11.345201,nan,-9.197092,-14.030535,-0.012640,13.764235,0,136,0,2.608019
497.887602,-6.680000,-4.048151,-12.358067,nan,-9.178881,14.244275,-0.275245,19.876045,0,72,0,2.631849
498.110172,-6.670000,-4.207445,-6.969841,nan,-5.905454,-10.305344,0.083007,9.156382,1,72,1,2.462555
498.281731,-6.680000,-3.619922,-13.443791,nan,-6.454616,15.526717,-0.204133,11.762825,0,37,0,3.060077
498.491521,-6.840000,-3.775229,-4.961617,nan,-3.933427,13.748092,0.167089,13.928056,0,100,0,3.064772
498.686647,-7.060000,-4.580541,-4.318337,nan,-2.842031,-27.916031,0.007477,1.264002,0,30,0,2.479459
498.881591,-7.050000,-4.633080,-8.781329,nan,-6.474918,-17.900763,-0.092040,14.838400,0,51,0,2.416920
499.113922,-7.060000,-4.467735,-5.190777,nan,-5.071614,-20.832062,0.405099,16.450003,0,167,0,2.592265
499.279478,-7.200000,-4.726904,-9.826068,nan,-9.426739,-2.068702,0.063492,10.203189,1,3,1,2.473096
499.482515,-7.300000,-5.036498,-11.576694,nan,-6.457950,7.305344,0.820371,19.296694,0,19,0,2.263502
499.686237,-7.390000,-5.389095,-4.965081,nan,-6.279208,-3.923664,0.418783,13.108181,0,70,0,2.000905
499.880498,-7.450000,-5.471353,-6.571294,nan,-7.754990,-16.129770,0.157123,12.032923,0,97,0,1.978647
500.129942,-7.490000,-5.251338,-6.571294,nan,-7.754990,17.992367,-0.111694,19.580339,0,358,0,2.238662
500.280919,-7.490000,-5.574208,-6.540242,nan,-7.253081,11.908397,0.206826,8.059948,0,82,0,1.915792
500.484514,-7.480000,-5.009792,-13.342118,nan,-11.081849,11.274809,0.350351,19.992577,0,37,0,2.470208
500.679502,-7.480000,-4.389665,-15.249036,nan,-13.251948,-28.740458,0.166218,6.209141,0,34,0,3.090335
500.881727,-7.500000,-3.556606,-13.142805,nan,-10.874966,6.030534,0.182628,4.503691,0,121,0,3.943394
501.128619,-7.340000,-3.723037,-7.437155,nan,-6.960186,9.259542,0.072358,9.095144,1,60,1,3.616963
501.280708,-7.170000,-4.217453,-8.364241,nan,-6.856725,1.404580,0.346430,18.214085,0,94,0,2.952547
501.480720,-7.130000,-4.766054,-8.344812,nan,-6.197968,-6.793893,0.330015,9.145468,1,8,1,2.363946
501.693686,-7.160000,-4.870793,-11.749516,nan,-9.753380,-5.793893,0.319299,12.816273,0,30,0,2.289207
501.891689,-7.050000,-4.259205,-8.437412,nan,-7.334951,15.068703,0.444524,17.918907,0,98,0,2.790795
502.141889,-6.900000,-3.819044,-8.942736,nan,-9.511598,-18.038168,-0.088482,9.982443,1,67,1,3.080956
502.280677,-6.760000,-3.558447,-6.783162,nan,-3.937558,-11.526717,0.252441,5.860085,0,87,0,3.201554
502.482195,-6.630000,-3.056068,-3.309392,nan,-2.999142,-3.938931,0.047939,10.674075,1,3,1,3.573932
502.679592,-6.460000,-2.877968,-5.276835,nan,-4.788361,-5.633588,-0.108739,8.296866,0,128,0,3.582032
502.882503,-6.340000,-2.047255,-14.153237,nan,-8.630680,22.259542,-0.199950,11.563589,0,27,0,4.292745
503.082813,-6.270000,-1.904063,-12.714310,nan,-12.714310,-17.633587,-0.003085,17.899260,0,55,0,4.365937
503.280862,-6.200000,-1.193569,-12.714310,nan,-12.714310,-14.381680,0.606285,12.258535,0,252,0,5.006431
503.480328,-6.100000,-0.600041,-12.714310,nan,-12.714310,-7.938931,0.204074,11.501413,0,449,0,5.499959
503.677497,-5.910000,-0.848931,-8.446868,nan,-8.446868,1.351145,0.311103,9.075143,1,0,0,5.061069
503.882715,-5.810000,-1.047469,-6.304528,nan,-6.304528,-23.564886,0.574888,12.727491,0,29,0,4.762530
504.079726,-5.830000,-0.990076,-11.371749,nan,-11.371749,19.709923,0.212350,15.744512,0,25,0,4.839924
504.282349,-5.790000,-1.183942,-11.371749,nan,-11.371749,2.160305,0.252320,10.981925,1,0,0,4.606058
504.487526,-5.810000,-1.669970,-11.371749,nan,-11.371749,-12.206107,-0.361487,14.718752,0,145,0,4.140030
504.682590,-5.910000,-1.239285,-11.371749,nan,-11.371749,9.633588,0.355492,14.724327,0,44,0,4.670715
504.887571,-6.080000,-2.446616,-15.918478,nan,-15.918478,-5.480916,-0.060073,11.395231,0,27,0,3.633384
505.089505,-6.130000,-2.232660,-14.270180,nan,-14.270180,-14.526717,0.291658,14.102402,0,79,0,3.897340
505.292514,-6.150000,-2.582296,-15.480927,nan,-15.480927,-18.137405,0.066453,11.682458,0,191,0,3.567704
505.484511,-6.130000,-2.211817,-21.484194,nan,-21.484194,-16.343512,0.160279,11.156760,1,11,0,3.918183
505.679585,-5.940000,-1.629154,-20.130362,nan,-20.130362,-20.549618,0.190632,5.761844,0,117,0,4.310846
505.879711,-5.690000,-1.166141,-19.290096,nan,-19.290096,-12.274809,0.063070,19.798960,0,155,0,4.523860
506.081625,-5.570000,-1.119325,-19.851585,nan,-19.851585,-18.625954,-0.005438,11.216078,1,0,0,4.450675
506.288631,-5.580000,-1.831663,-21.336681,nan,-21.336681,19.175573,-0.114710,9.676137,1,8,0,3.748337
506.480267,-5.680000,-1.958662,-19.262791,nan,-19.262791,15.152672,-0.141369,14.921069,0,22,0,3.721338
506.679652,-5.790000,-2.817988,-16.228020,nan,-16.228020,-16.061069,-0.074056,7.498150,0,29,0,2.972012
506.879686,-6.050000,-2.756144,-16.228020,nan,-16.228020,-3.129771,-0.123120,7.090417,0,227,0,3.293857
507.080461,-6.240000,-2.984681,-15.990061,nan,-15.990061,-15.839695,0.029971,16.408836,0,165,0,3.255318
507.290508,-6.320000,-4.014657,-17.395277,nan,-17.395277,-8.320611,-0.071106,10.680820,1,14,0,2.305343
507.482858,-6.370000,-3.475564,-12.007173,nan,-12.007173,3.709924,0.175599,15.698315,0,33,0,2.894435
507.683659,-6.410000,-3.652574,-12.007173,nan,-12.007173,10.267176,0.098575,12.151028,0,225,0,2.757426
507.879715,-6.500000,-3.564860,-14.788678,nan,-14.788678,-4.053435,0.096750,15.262626,0,122,0,2.935140
508.085513,-6.550000,-3.496427,-15.530807,nan,-15.530807,6.053435,0.072343,4.352893,0,84,0,3.053573
508.279624,-6.490000,-4.261755,-13.721663,nan,-13.721663,-16.114504,0.095218,8.690194,1,0,0,2.228245
508.489665,-6.440000,-3.515620,-16.321823,nan,-16.321823,-19.236641,-0.053870,14.842193,0,78,0,2.924380
508.682488,-6.410000,-3.391747,-12.531952,nan,-12.531952,-10.748092,-0.135406,17.509855,0,165,0,3.018253
508.885482,-6.310000,-3.118339,-16.033083,nan,-16.033083,28.282442,-0.219763,8.104158,0,118,0,3.191661
509.080528,-6.360000,-4.293493,-17.601755,nan,-17.601755,-5.412214,0.077671,16.924889,0,53,0,2.066507
509.288511,-6.510000,-4.120033,-17.995667,nan,-17.995667,-13.618320,0.037985,19.733124,0,145,0,2.389967
509.481234,-6.610000,-4.692275,-18.668751,nan,-18.668751,-1.923664,-0.075032,17.413168,0,52,0,1.917725
509.682711,-6.680000,-5.571011,-20.721567,nan,-20.721567,-4.641222,0.045818,9.800495,1,11,0,1.108989
509.886506,-6.710000,-5.952400,-19.965561,nan,-19.965561,5.763359,0.113094,16.486538,0,105,0,0.757600
510.086658,-6.710000,-6.604478,-17.108923,nan,-17.108923,-10.503817,-0.588632,15.391891,0,77,0,0.105522
510.281585,-6.710000,-6.130028,-14.469732,nan,-14.469732,-9.000000,-0.321784,4.971795,0,90,0,0.579972
510.482814,-6.540000,-6.096854,-18.020199,nan,-18.020199,-8.160305,-0.020321,13.411440,0,142,0,0.443146
510.687509,-6.450000,-6.103795,-14.131434,nan,-14.131434,-3.152672,-0.147348,12.907337,0,198,0,0.346205
510.893580,-6.410000,-6.713830,-17.206549,nan,-17.206549,-7.809160,0.142831,5.917680,0,32,0,-0.303831
511.081503,-6.410000,-6.610531,-13.923597,nan,-13.923597,-7.099236,-0.115966,8.601740,1,0,0,-0.200531
511.279635,-6.410000,-6.677877,-10.970955,nan,-10.970955,-0.847328,-0.025401,14.510262,0,86,0,-0.267877
511.479416,-6.390000,-7.643098,-7.514535,nan,-7.514535,6.236641,0.067464,17.845932,0,113,0,-1.253098
511.691652,-6.360000,-8.022256,-2.190519,nan,-2.190519,-4.587786,-0.054355,6.136389,0,29,0,-1.662256
511.892505,-6.350000,-7.206001,-2.024052,nan,-2.024052,19.763359,0.489865,5.086093,0,32,0,-0.856001
512.095508,-6.370000,-6.784895,-0.235165,nan,-0.235165,13.832061,0.333714,19.154476,0,32,0,-0.414895
512.321741,-6.380000,-7.508318,-0.235165,nan,-0.235165,24.358778,-0.035841,4.908865,0,267,0,-1.128318
512.489721,-6.290000,-7.318427,-0.797468,nan,-0.797468,11.312977,0.807095,14.945848,0,86,0,-1.028427
512.682633,-6.040000,-7.057603,-0.292962,nan,-0.292962,-6.549618,-0.379535,8.208055,0,21,0,-1.017603
512.880694,-5.850000,-6.978161,-0.375040,nan,-0.375040,-13.389313,-0.125937,16.990456,0,92,0,-1.128161
513.079443,-5.760000,-6.703844,-1.589942,nan,-1.589942,-8.541985,-0.243321,12.749188,0,141,0,-0.943844
513.288502,-5.760000,-6.297718,-7.928747,nan,-7.928747,-21.267176,-0.019430,12.158053,0,94,0,-0.537718
513.479035,-5.720000,-5.937418,-9.267180,nan,-9.267180,-23.946566,-0.628936,6.224490,0,129,0,-0.217419
513.682660,-5.820000,-5.418040,-8.768180,nan,-8.768180,13.488549,-0.227264,19.883480,0,75,0,0.401960
513.879496,-5.950000,-5.281059,-13.507237,nan,-13.507237,-8.129771,-0.043144,11.459112,0,82,0,0.668941
514.088647,-6.100000,-6.021754,-11.502807,nan,-11.502807,0.801527,-0.018102,14.905241,0,75,0,0.078246
514.296371,-6.270000,-6.126523,-7.622284,nan,-7.622284,-14.557252,0.041940,9.807184,1,54,0,0.143476
514.479424,-6.380000,-5.561682,-5.237505,nan,-5.237505,-10.862596,-0.197407,9.869187,1,0,0,0.818318
514.682703,-6.330000,-5.450662,-6.174638,nan,-6.174638,-14.916031,-0.195602,15.325565,0,167,0,0.879338
514.881507,-6.390000,-4.659082,-6.826467,nan,-6.826467,3.251908,0.184542,15.592650,0,32,0,1.730918
515.079499,-6.450000,-4.753963,-7.067990,nan,-7.067990,21.610687,-0.413719,10.339452,1,0,0,1.696037
515.328415,-6.400000,-4.673738,-10.918976,nan,-10.918976,6.664122,-0.356460,8.873156,1,74,0,1.726262
515.480863,-6.360000,-4.271482,-10.918976,nan,-10.918976,15.618320,-0.542341,14.198201,0,205,0,2.088518
515.682426,-6.400000,-5.506868,-13.876060,nan,-13.876060,2.335878,-0.386963,20.304823,0,86,0,0.893132
515.880336,-6.420000,-5.786833,-16.809252,nan,-16.809252,3.335878,-0.551147,11.406757,0,22,0,0.633167
516.085505,-6.460000,-6.210567,-16.809252,nan,-16.809252,-1.083969,-0.129995,18.634209,0,224,0,0.249433
516.328494,-6.540000,-7.171353,-16.535923,nan,-16.535923,-7.404580,-0.294236,5.929089,0,80,0,-0.631353
516.481503,-6.630000,-7.181028,-16.535923,nan,-16.535923,-7.290076,0.035874,20.518976,0,216,0,-0.551028
516.683509,-6.680000,-7.226165,-10.075116,nan,-10.075116,-4.862596,0.276023,10.919073,1,10,0,-0.546165
516.882720,-6.750000,-6.987655,-9.038602,nan,-9.038602,28.030535,0.560145,7.888397,0,117,0,-0.237655
517.085640,-6.760000,-6.867055,-12.695453,nan,-12.695453,10.648855,-0.113919,12.609943,0,43,0,-0.107055
517.350271,-6.660000,-7.118905,-13.173686,nan,-13.173686,3.175573,0.049788,8.243519,0,90,0,-0.458905
517.487505,-6.580000,-7.191910,-13.040410,nan,-13.040410,-25.832062,0.021252,8.586164,1,0,0,-0.611910
517.682488,-6.520000,-7.396509,-10.843912,nan,-10.843912,-20.152672,-0.290097,6.877314,0,37,0,-0.876509
517.882559,-6.450000,-7.033157,-9.724014,nan,-9.724014,12.267176,-0.106912,12.465313,0,28,0,-0.583157
518.081602,-6.420000,-7.967120,-12.382450,nan,-12.382450,-22.938931,-0.238822,6.424606,0,77,0,-1.547120
518.280238,-6.380000,-8.336609,-12.634849,nan,-12.634849,-21.473282,-0.168726,4.817022,0,171,0,-1.956609
518.492665,-6.370000,-8.441556,-13.273623,nan,-13.273623,1.702290,0.108675,12.382316,0,77,0,-2.071556
518.682482,-6.440000,-8.273898,-14.208237,nan,-14.208237,-18.091602,0.173331,12.282474,0,53,0,-1.833898
518.881480,-6.500000,-8.021596,-14.844349,nan,-14.844349,-4.213740,0.192414,19.141815,0,30,0,-1.521596
519.092502,-6.440000,-7.383350,-15.237739,nan,-15.237739,-10.564885,-0.106826,8.180075,0,35,0,-0.943350
519.282482,-6.310000,-8.873386,-15.381735,nan,-15.381735,3.404580,0.084885,13.699763,0,104,0,-2.563386
519.484464,-6.210000,-7.882894,-10.150658,nan,-10.150658,-25.992367,-0.030523,8.368104,1,0,0,-1.672894
519.690678,-6.080000,-7.106984,-11.111455,nan,-11.111455,7.801527,-0.070874,8.852456,1,11,0,-1.026984
519.885305,-5.960000,-6.479412,-10.398561,nan,-10.398561,-0.893130,-0.459044,12.879211,0,124,0,-0.519412
520.080983,-5.900000,-6.608008,-7.921428,nan,-7.921428,-4.526718,-0.352244,14.781693,0,31,0,-0.708008
520.280504,-5.870000,-6.747717,-8.465545,nan,-8.465545,-9.412213,-0.532131,18.651384,0,33,0,-0.877717
520.482824,-5.880000,-6.606211,-9.847265,nan,-9.847265,-5.198473,0.231257,9.046926,1,14,0,-0.726211
520.684575,-5.880000,-6.212853,-7.012693,nan,-7.012693,-36.442749,-0.103042,10.802084,1,0,0,-0.332853
520.885504,-5.850000,-5.529362,-7.728016,nan,-7.728016,-9.442748,-0.478501,12.082005,0,119,0,0.320638
521.082491,-5.810000,-5.109350,-10.149773,nan,-10.149773,-14.412213,-0.312779,9.838959,1,10,0,0.700650
521.291785,-5.830000,-5.602124,-3.782395,nan,-3.782395,-15.916031,-0.440663,11.041707,1,10,0,0.227876
521.480351,-5.840000,-5.145097,-1.315600,nan,-1.315600,10.625955,-0.088802,13.321474,0,36,0,0.694903
521.689649,-5.750000,-4.937917,-9.419306,nan,-9.419306,-23.916031,-0.380969,9.066370,1,0,0,0.812083
521.882562,-5.700000,-4.777650,-7.114960,nan,-7.114960,-2.755725,-0.441370,17.678747,0,33,0,0.922350
522.091510,-5.720000,-4.778290,-8.320471,nan,-8.320471,-24.328245,-0.286332,6.930668,0,36,0,0.941710
522.284241,-5.800000,-4.679687,-13.534758,nan,-13.534758,2.480916,-0.219349,11.242353,1,0,0,1.120313
522.488503,-5.800000,-4.911092,-8.724709,nan,-8.724709,13.480916,0.140011,21.733232,0,82,0,0.888908
522.684787,-5.820000,-4.754561,-8.724709,nan,-8.724709,6.740458,-0.538920,14.270320,0,272,0,1.065439
522.879476,-5.800000,-4.713030,-2.688095,nan,-2.688095,1.954198,-0.426994,6.760100,0,94,0,1.086970
523.081256,-5.760000,-3.956587,-6.856449,nan,-6.856449,-20.259542,-0.783446,19.076517,0,42,0,1.803413
523.280215,-5.600000,-3.700644,-6.251960,nan,-6.251960,25.129770,-0.308363,10.366777,1,0,0,1.899356
523.484820,-5.470000,-3.584209,-6.251960,nan,-6.251960,-6.519084,-0.618948,12.708797,0,204,0,1.885790
523.681482,-5.410000,-2.804694,-9.771386,nan,-9.771386,-17.480917,-0.817706,11.263396,1,0,0,2.605305
523.881565,-5.420000,-2.636055,-9.822794,nan,-9.822794,10.809160,-0.030432,14.210059,0,84,0,2.783945
524.080116,-5.460000,-3.180260,-12.440602,nan,-12.440602,-2.687023,-0.333941,15.661815,0,55,0,2.279740
524.280497,-5.460000,-2.451725,-10.316749,nan,-10.316749,-17.198473,-0.844082,5.594958,0,50,0,3.008275
524.485171,-5.480000,-1.415841,-8.528384,nan,-8.528384,-0.175573,-0.834221,14.035852,0,174,0,4.064159
524.682110,-5.470000,-1.558298,-8.528384,nan,-8.528384,-24.908398,-1.253851,16.687071,0,53,0,3.911702
524.879689,-5.400000,-1.735525,-15.998231,nan,-15.998231,-14.244275,-1.246805,8.198253,0,97,0,3.664475
525.079863,-5.340000,-2.911505,-11.796324,nan,-11.796324,-19.244274,-0.739657,11.718343,0,74,0,2.428495
525.289655,-5.260000,-2.775342,-11.675190,nan,-11.675190,14.343512,-1.107286,20.658319,0,92,0,2.484658
525.482236,-5.170000,-2.188455,-12.659597,nan,-12.659597,-12.679389,-0.666779,19.947674,0,19,0,2.981545
525.681420,-5.210000,-2.669240,-8.998825,nan,-8.998825,0.000000,-1.312070,12.687804,0,36,0,2.540760
525.879791,-5.330000,-1.785792,-4.897604,nan,-4.897604,5.671756,-0.851111,9.800272,1,0,0,3.544208
526.081477,-5.400000,-1.868834,-6.008655,nan,-6.008655,-7.587786,-1.215771,11.355014,0,47,0,3.531166
526.280724,-5.360000,-1.839689,-8.855816,nan,-8.855816,14.366412,-0.786113,8.621895,1,3,0,3.520311
526.498763,-5.370000,-1.720311,-8.855816,nan,-8.855816,5.061069,-1.178824,16.696630,0,156,0,3.649688
526.681742,-5.280000,-1.503257,-17.186571,nan,-17.186571,1.129771,-1.790920,12.025345,0,93,0,3.776743
526.879424,-5.110000,-1.845387,-12.657960,nan,-12.657960,-2.183206,-0.575403,6.523074,0,55,0,3.264613
527.080108,-4.970000,-1.954231,-11.745893,nan,-11.745893,-18.213741,-0.565321,9.738813,1,5,0,3.015769
527.280496,-4.940000,-2.345023,-13.439902,nan,-13.439902,10.824428,-1.305995,16.122812,0,54,0,2.594977
527.479518,-4.850000,-2.128368,-17.055189,nan,-17.055189,-9.167939,-0.143418,6.917314,0,84,0,2.721632
527.682296,-4.750000,-1.962632,-18.004301,nan,-18.004301,-13.404580,-0.679530,12.902141,0,127,0,2.787368
527.879709,-4.760000,-2.533079,-18.156487,nan,-18.156487,-5.625954,-0.397800,10.731662,1,1,0,2.226921
528.080507,-4.800000,-2.723013,-16.678722,nan,-16.678722,-10.770992,-0.704490,18.141632,0,179,0,2.076987
528.283477,-4.800000,-2.374124,-14.633537,nan,-14.633537,-9.038168,-0.693709,10.162804,1,0,0,2.425877
528.480150,-4.760000,-2.315810,-14.633537,nan,-14.633537,1.839695,-0.501775,14.004109,0,192,0,2.444190
528.681425,-4.690000,-2.775824,-15.102515,nan,-15.102515,-0.091603,-0.504604,7.882208,0,58,0,1.914176
528.881777,-4.670000,-2.868894,-21.287617,nan,-21.287617,-3.206107,-0.750104,12.588243,0,50,0,1.801106
529.079412,-4.600000,-2.974002,-19.715580,nan,-19.715580,-12.931297,-0.476434,11.761133,0,74,0,1.625998
529.280481,-4.520000,-3.283015,-17.311497,nan,-17.311497,-6.358778,-0.548837,17.722446,0,21,0,1.236985
529.479835,-4.470000,-2.861507,-16.441204,nan,-16.441204,4.030534,-0.360362,15.741073,0,105,0,1.608492
529.681498,-4.510000,-3.364200,-14.982056,nan,-14.982056,-16.175573,-1.055704,9.283124,1,16,0,1.145800
529.879728,-4.490000,-3.649612,-15.556760,nan,-15.556760,-2.618321,-0.390560,5.994167,0,116,0,0.840387
530.081650,-4.490000,-4.435997,-16.371019,nan,-16.371019,-3.778626,-0.235867,10.293581,1,0,0,0.054003
530.280493,-4.480000,-3.284148,-13.645519,nan,-13.645519,-2.229008,-0.095816,9.869683,1,15,0,1.195853
530.487696,-4.480000,-3.372468,-14.632773,nan,-14.632773,-4.244275,-0.543401,11.830441,0,67,0,1.107532
530.682416,-4.490000,-3.439146,-16.076328,nan,-16.076328,3.916031,-0.651175,13.346310,0,59,0,1.050854
530.884494,-4.390000,-2.893914,-20.077656,nan,-20.077656,13.526717,-0.548666,8.763178,1,9,0,1.496086
531.083494,-4.250000,-2.983050,-19.329399,nan,-19.329399,-3.328244,-0.734857,19.047331,0,44,0,1.266950
531.289733,-4.130000,-3.329531,-14.310566,nan,-14.310566,-8.083969,-0.267953,9.054811,1,11,0,0.800469
531.478830,-4.070000,-4.213718,-13.442262,nan,-13.442262,24.778625,-0.449610,8.874659,1,54,0,-0.143718
531.681439,-4.150000,-4.310870,-16.119280,nan,-16.119280,-1.206107,-0.233646,10.765732,1,0,0,-0.160870
531.888853,-4.210000,-5.098793,-20.101196,nan,-20.101196,-20.190840,0.035469,16.091900,0,23,0,-0.888793
532.083514,-4.300000,-4.668245,-21.466185,nan,-21.466185,15.885496,-0.526414,18.731546,0,14,0,-0.368245
532.282493,-4.330000,-5.419411,-23.512465,nan,-23.512465,8.076336,-0.514514,9.005998,1,10,0,-1.089411
532.498746,-4.250000,-5.916317,-19.595226,nan,-19.595226,6.572519,-0.175771,10.118577,1,63,0,-1.666317
532.683480,-4.240000,-6.178135,-19.480146,nan,-19.480146,-9.114504,-0.498078,10.416729,1,10,0,-1.938136
532.885499,-4.260000,-5.793458,-18.487267,nan,-18.487267,-26.297710,-0.472350,13.481236,0,100,0,-1.533457
533.084492,-4.210000,-6.309527,-20.117670,nan,-20.117670,25.091602,-0.348697,12.541454,0,41,0,-2.099527
533.293615,-4.080000,-5.807283,-21.155371,nan,-21.155371,-11.580153,-0.460877,9.313557,1,8,0,-1.727283
533.691516,-4.040000,-4.495172,-17.006071,nan,-17.006071,-6.145038,-2.838046,5.272191,0,239,0,-0.455172
533.887770,-4.100000,-5.931028,-19.535017,nan,-19.535017,13.511451,-0.117542,11.909290,0,111,0,-1.831028
534.090791,-4.220000,-5.847075,-17.322483,nan,-17.322483,8.580153,0.066966,12.489278,0,47,0,-1.627076
534.281479,-4.260000,-6.205750,-21.000917,nan,-21.000917,-14.778625,-0.414750,14.050248,0,66,0,-1.945750
534.511968,-4.290000,-6.130348,-17.572201,nan,-17.572201,13.984733,-0.368981,17.290901,0,121,0,-1.840348
534.682890,-4.310000,-6.242922,-18.833645,nan,-18.833645,-8.671756,-0.470413,6.189628,0,59,0,-1.932922
534.883499,-4.300000,-6.716906,-19.277542,nan,-19.277542,-25.419847,-0.585017,9.578792,1,0,0,-2.416905
535.081484,-4.300000,-6.313441,-18.994635,nan,-18.994635,-10.412213,-0.893592,14.329506,0,65,0,-2.013441
535.282490,-4.290000,-6.804204,-16.514715,nan,-16.514715,3.816794,-0.193219,10.032293,1,11,0,-2.514204
535.526697,-4.340000,-6.769842,-12.748460,nan,-12.748460,-13.167939,-0.105747,6.251407,0,154,0,-2.429842
535.685492,-4.450000,-6.829671,-13.668757,nan,-13.668757,-20.908398,-0.612405,11.010392,1,0,0,-2.379671
535.881507,-4.540000,-6.714422,-10.731167,nan,-10.731167,1.038168,-1.003289,9.060420,1,6,0,-2.174422
536.086187,-4.660000,-6.421829,-7.518143,nan,-7.518143,-1.862595,-0.920574,12.067479,0,117,0,-1.761829
536.280316,-4.720000,-7.028294,-5.320514,nan,-5.320514,-19.557251,-0.445689,11.227548,1,10,0,-2.308294
536.529055,-4.810000,-6.659495,-10.418211,nan,-10.418211,-12.778625,-0.358847,7.764046,0,75,0,-1.849495
536.685690,-4.920000,-6.980902,-7.044644,nan,-7.044644,17.534351,-0.768617,7.148228,0,66,0,-2.060902
536.888644,-5.050000,-6.218075,-12.251546,nan,-12.251546,-7.175572,-0.956518,17.179277,0,31,0,-1.168075
537.082504,-5.290000,-5.752337,-15.126614,nan,-15.126614,-6.603054,-0.601020,13.193145,0,44,0,-0.462337
537.280360,-5.630000,-6.455945,-18.064323,nan,-18.064323,-19.412214,-0.246455,6.755114,0,54,0,-0.825944
537.542505,-5.990000,-6.562576,-17.282709,nan,-17.282709,-7.236641,-0.464895,12.588579,0,119,0,-0.572577
537.682478,-6.420000,-6.662294,-18.350767,nan,-18.350767,-0.770992,-1.082824,10.437675,1,0,0,-0.242294
537.882506,-6.780000,-6.538385,-10.359325,nan,-10.359325,8.374045,-1.081000,6.098693,0,46,0,0.241615
538.081664,-6.950000,-7.300615,-10.359325,nan,-10.359325,-10.572519,-0.520276,13.130886,0,241,0,-0.350616
538.280596,-7.050000,-6.685295,-11.124963,nan,-11.124963,2.526718,-0.387102,8.194266,0,75,0,0.364706
538.546301,-7.050000,-5.880033,-10.767509,nan,-10.767509,-9.916031,0.012789,10.375362,1,53,0,1.169967
538.682646,-7.030000,-5.846603,-14.677396,nan,-14.677396,-4.648855,0.630075,9.121437,1,0,0,1.183397
538.881091,-7.120000,-5.740316,-12.802761,nan,-12.802761,1.122137,0.217618,11.620277,0,143,0,1.379683
539.080745,-7.140000,-6.138486,-16.777939,nan,-16.777939,-15.129771,0.718993,7.351179,0,187,0,1.001513
539.281474,-7.110000,-6.247090,-16.284920,nan,-16.284920,-1.610687,0.908535,11.146720,1,0,0,0.862910
539.483794,-7.210000,-5.417701,-18.271709,nan,-18.271709,-2.206107,0.127432,13.711789,0,50,0,1.792299
539.682870,-7.290000,-5.273182,-16.686722,nan,-16.686722,-16.748091,0.536211,8.800406,1,12,0,2.016818
539.880801,-7.320000,-5.055601,-21.488565,nan,-21.488565,-7.480916,0.626527,9.007070,1,12,0,2.264399
540.084507,-7.280000,-5.689124,-22.827251,nan,-22.827251,5.488550,0.680346,13.341916,0,40,0,1.590877
540.281490,-7.240000,-6.269073,-20.829924,nan,-20.829924,-2.290076,0.779492,10.111387,1,0,0,0.970927
540.481217,-7.270000,-6.149978,-15.514333,nan,-15.514333,-21.748091,0.630965,15.422440,0,29,0,1.120022
540.689693,-7.300000,-5.928295,-18.216642,nan,-18.216642,-11.290076,0.676251,17.474176,0,166,0,1.371706
540.885474,-7.380000,-7.081692,-18.006958,nan,-18.006958,16.038168,1.011445,9.618758,1,0,0,0.298308
541.085621,-7.420000,-7.217316,-17.094515,nan,-17.094515,-21.450382,0.655966,8.477352,1,3,0,0.202684
541.280479,-7.480000,-7.011405,-16.644079,nan,-16.644079,-6.977099,1.235388,10.611059,1,10,0,0.468595
541.480772,-7.550000,-6.494515,-19.209291,nan,-19.209291,1.038168,0.443156,12.045671,0,55,0,1.055485
541.690760,-7.520000,-6.494406,-17.617352,nan,-17.617352,-8.297709,0.738971,8.497434,1,0,0,1.025594
541.883494,-7.380000,-6.819908,-17.570322,nan,-17.570322,4.519084,0.694290,10.028226,1,11,0,0.560092
542.080475,-7.240000,-7.681343,-22.152044,nan,-22.152044,-11.603053,1.173681,15.249594,0,74,0,-0.441343
542.280755,-7.150000,-7.746322,-22.078108,nan,-22.078108,-23.931297,1.103493,8.837350,1,12,0,-0.596322
542.486525,-7.110000,-8.316900,-16.591673,nan,-16.591673,3.564885,0.225286,16.678310,0,56,0,-1.206900
542.682588,-7.100000,-8.929527,-18.708839,nan,-18.708839,-17.717558,1.030074,11.645361,0,59,0,-1.829527
542.880444,-7.080000,-8.800131,-15.089438,nan,-15.089438,-8.549619,-0.206621,8.962993,1,15,0,-1.720131
543.089509,-7.130000,-9.498474,-15.089438,nan,-15.089438,-1.923664,0.139380,19.707462,0,217,0,-2.368474
543.281504,-7.190000,-10.517972,-16.616455,nan,-16.616455,-14.671756,0.084476,6.532151,0,18,0,-3.327972
543.484789,-7.140000,-10.570754,-21.702965,nan,-21.702965,-6.282443,0.059784,9.874784,1,6,0,-3.430754
543.681498,-7.120000,-10.675874,-21.043968,nan,-21.043968,-28.465649,-0.224290,21.325281,0,145,0,-3.555874
543.889509,-7.120000,-9.731709,-18.733549,nan,-18.733549,15.618320,-0.041385,13.128243,0,35,0,-2.611710
544.084500,-7.120000,-10.465580,-19.584038,nan,-19.584038,-7.847328,-0.230472,7.262991,0,60,0,-3.345580
544.281510,-7.140000,-10.337833,-20.127247,nan,-20.127247,11.099236,-0.253466,10.905226,1,15,0,-3.197834
544.481488,-7.070000,-11.030753,-17.778637,nan,-17.778637,2.725191,0.000697,11.759719,0,126,0,-3.960753
544.682503,-7.070000,-10.920781,-17.517141,nan,-17.517141,-16.312977,-0.128687,9.122813,1,0,0,-3.850781
544.880494,-7.110000,-11.558387,-20.310118,nan,-20.310118,14.076336,0.068459,11.409482,0,35,0,-4.448387
545.085645,-7.140000,-11.287694,-20.310118,nan,-20.310118,-18.053434,-0.085804,14.831295,0,231,0,-4.147694
545.281254,-7.090000,-10.303758,-21.808561,nan,-21.808561,-8.213740,-0.240993,15.146702,0,17,0,-3.213758
545.481944,-6.990000,-10.751822,-20.770651,nan,-20.770651,-15.274809,0.048303,13.814791,0,54,0,-3.761823
545.680780,-6.930000,-10.722368,-21.055197,nan,-21.055197,-1.656489,-0.196124,16.461369,0,169,0,-3.792368
545.889624,-6.890000,-11.190754,-21.860340,nan,-21.860340,-9.198473,0.217044,9.408877,1,15,0,-4.300754
546.081469,-6.890000,-10.248446,-21.763786,nan,-21.763786,10.534351,-0.307224,11.873875,0,35,0,-3.358447
546.281810,-7.000000,-11.109985,-20.383801,nan,-20.383801,-23.763359,-0.064830,8.194981,0,34,0,-4.109985
546.479730,-6.990000,-10.920680,-19.634089,nan,-19.634089,5.099236,-0.029995,20.212379,0,19,0,-3.930680
546.683638,-6.960000,-10.426867,-19.634089,nan,-19.634089,1.572519,-0.186386,14.340923,0,214,0,-3.466866
546.881366,-6.900000,-10.410680,-23.323654,nan,-23.323654,-6.038168,0.239676,7.675255,0,18,0,-3.510680
547.084788,-6.760000,-10.468854,-23.011986,nan,-23.011986,-20.885496,-0.204985,12.375892,0,164,0,-3.708854
547.288648,-6.630000,-10.451658,-22.956825,nan,-22.956825,4.450382,-0.083974,10.528173,1,0,0,-3.821658
547.486401,-6.550000,-10.551561,-25.620277,nan,-25.620277,-4.137404,-0.253632,16.158052,0,53,0,-4.001561
547.682480,-6.550000,-10.219453,-22.355566,nan,-22.355566,-0.717557,-0.167781,12.201944,0,75,0,-3.669453
547.886772,-6.580000,-10.139796,-27.520496,nan,-27.520496,-8.847328,-0.332513,6.647426,0,73,0,-3.559796
548.081483,-6.560000,-10.929895,-24.042431,nan,-24.042431,-18.862595,-0.102823,14.159241,0,97,0,-4.369895
548.287621,-6.520000,-10.275640,-25.043139,nan,-25.043139,14.496183,-0.159635,6.009952,0,46,0,-3.755640
548.481799,-6.450000,-10.217823,-24.404375,nan,-24.404375,-18.587786,-0.178823,12.501865,0,132,0,-3.767823
548.687985,-6.410000,-9.693207,-20.030611,nan,-20.030611,12.236641,-0.055110,11.043425,1,63,0,-3.283207
548.880041,-6.370000,-9.355857,-20.030611,nan,-20.030611,-14.877863,-0.150174,12.627357,0,160,0,-2.985857
549.086651,-6.340000,-8.222858,-20.030611,nan,-20.030611,-13.725191,0.020950,11.610777,0,65,0,-1.882858
549.287510,-6.310000,-8.738040,-29.155933,nan,-29.155933,-10.381680,-0.054605,16.770393,0,54,0,-2.428040
549.482477,-6.270000,-8.440124,-27.176954,nan,-27.176954,-6.938931,0.103018,13.766860,0,158,0,-2.170124
549.689325,-6.180000,-8.711023,-21.161425,nan,-21.161425,8.511451,0.099482,9.971941,1,53,0,-2.531024
549.883488,-6.050000,-8.967078,-19.731966,nan,-19.731966,-9.465649,-0.176262,6.744427,0,33,0,-2.917078
550.081268,-6.010000,-9.165506,-18.432758,nan,-18.432758,7.572519,-0.176262,7.545700,0,34,0,-3.155506
550.280802,-5.910000,-9.717898,-17.658548,nan,-17.658548,-11.274809,-0.138490,5.106904,0,55,0,-3.807899
550.481557,-5.760000,-10.235039,-20.133039,nan,-20.133039,1.748092,-0.071900,19.638018,0,154,0,-4.475039
550.688104,-5.610000,-9.809674,-21.027454,nan,-21.027454,-17.557251,-0.216636,14.831236,0,162,0,-4.199674
550.880794,-5.480000,-10.212713,-21.027454,nan,-21.027454,-17.671755,-0.400511,2.555312,0,338,0,-4.732713
551.084513,-5.380000,-10.167114,-17.026871,nan,-17.026871,15.549619,-0.250989,15.941983,0,83,0,-4.787114
551.285777,-5.280000,-10.103039,-16.907352,nan,-16.907352,0.045802,-0.188319,6.604105,0,32,0,-4.823039
551.481522,-5.230000,-9.879543,-19.297426,nan,-19.297426,11.748092,-0.445003,10.648609,1,5,0,-4.649543
551.701249,-5.200000,-9.913526,-22.684660,nan,-22.684660,-3.687023,-0.665356,7.548275,0,143,0,-4.713526
551.880185,-5.220000,-10.218787,-20.759546,nan,-20.759546,-5.374046,-0.540121,5.416931,0,85,0,-4.998787
552.084776,-5.240000,-10.435370,-20.725552,nan,-20.725552,-5.381680,-0.336456,9.805061,1,3,0,-5.195371
552.281781,-5.220000,-10.264024,-22.728100,nan,-22.728100,-3.320611,-0.458406,12.669227,0,101,0,-5.044024
552.480513,-5.160000,-10.683510,-20.609909,nan,-20.609909,-16.290077,-0.439220,11.461071,0,33,0,-5.523510
552.721070,-5.080000,-10.602893,-17.412945,nan,-17.412945,-19.053434,-0.793617,18.175945,0,126,0,-5.522893
552.883504,-4.970000,-10.179454,-17.412945,nan,-17.412945,-17.885496,-0.508058,16.448666,0,266,0,-5.209454
553.086503,-4.890000,-9.526110,-18.123358,nan,-18.123358,-12.580153,-0.246401,18.555138,0,189,0,-4.636110
553.284493,-4.870000,-9.521129,-13.752452,nan,-13.752452,10.984733,-0.469362,9.606936,1,0,0,-4.651129
553.488238,-4.860000,-9.719956,-17.197441,nan,-17.197441,-17.389313,-0.382633,13.548015,0,31,0,-4.859956
553.735087,-4.900000,-9.781125,-19.663477,nan,-19.663477,-13.045801,-0.682535,15.677526,0,98,0,-4.881125
553.881745,-5.010000,-9.615129,-17.944052,nan,-17.944052,-3.022901,-0.480580,10.410995,1,7,0,-4.605128
554.084493,-5.120000,-9.346428,-16.957445,nan,-16.957445,-9.129771,-0.226736,11.684534,0,48,0,-4.226428
554.283642,-5.140000,-8.897719,-16.541954,nan,-16.541954,-1.435115,-0.407659,9.074656,1,0,0,-3.757720
554.483025,-5.090000,-9.432700,-15.392352,nan,-15.392352,-10.374045,-0.287826,16.079273,0,90,0,-4.342700
554.680891,-5.090000,-9.795127,-15.827634,nan,-15.827634,-10.534351,-0.613544,19.965372,0,31,0,-4.705127
554.888573,-5.140000,-9.215214,-13.661574,nan,-13.661574,-4.694656,-0.623290,5.326156,0,86,0,-4.075214
555.092708,-5.050000,-8.727957,-13.068460,nan,-13.068460,-17.259542,-0.409576,5.842025,0,46,0,-3.677957
555.280689,-5.050000,-8.308778,-8.619873,nan,-8.619873,18.541985,-0.230146,8.328680,1,3,0,-3.258778
555.482529,-5.080000,-9.331745,-7.540874,nan,-7.540874,15.671756,-0.574856,16.871210,0,78,0,-4.251745
555.683208,-5.120000,-8.655148,-7.540874,nan,-7.540874,-11.061069,-0.433555,12.240111,0,34,0,-3.535148
555.881265,-5.220000,-9.029021,-7.540874,nan,-7.540874,-9.847328,-0.267934,17.199209,0,234,0,-3.809021
556.080478,-5.300000,-8.031243,-12.130091,nan,-12.130091,-15.190840,0.163929,6.789480,0,57,0,-2.731243
556.282480,-5.280000,-8.769539,-10.590685,nan,-10.590685,-4.259542,-0.326376,20.759079,0,51,0,-3.489539
556.480782,-5.200000,-8.340348,-8.898835,nan,-8.898835,-0.213740,-0.120068,9.083991,1,11,0,-3.140348
556.682482,-5.130000,-7.625223,-7.215907,nan,-7.215907,24.038168,-0.255197,12.076016,0,63,0,-2.495223
556.884721,-5.070000,-7.606102,-12.904151,nan,-12.904151,-7.213740,-0.473421,9.047516,1,10,0,-2.536102
557.085338,-5.150000,-7.576009,-10.567321,nan,-10.567321,-2.099237,-0.663519,18.156687,0,20,0,-2.426009
557.282575,-5.260000,-8.156617,-7.310372,nan,-7.310372,-14.435115,-0.055588,10.989704,1,15,0,-2.896617
557.480007,-5.300000,-8.351130,-10.261919,nan,-10.261919,13.122137,-0.237180,14.714802,0,26,0,-3.051130
557.690651,-5.320000,-8.510718,-21.101723,nan,-21.101723,3.183206,-0.136059,15.628448,0,41,0,-3.190718
557.880487,-5.260000,-8.567855,-27.471853,nan,-27.471853,-9.465649,-0.223082,8.074973,0,42,0,-3.307855
558.089513,-5.260000,-8.640525,-24.471216,nan,-24.471216,-3.977099,-0.111436,11.718610,0,53,0,-3.380525
558.284481,-5.260000,-8.404957,-24.137529,nan,-24.137529,28.076336,-0.173728,20.938198,0,120,0,-3.144957
558.479754,-5.130000,-8.826745,-21.228144,nan,-21.228144,-16.786259,-0.205730,11.974591,0,37,0,-3.696745
558.680662,-5.050000,-8.966682,-16.286161,nan,-16.286161,16.770992,-0.243903,14.635551,0,43,0,-3.916682
558.883509,-5.100000,-8.036819,-17.888308,nan,-17.888308,-1.679389,0.087385,17.419807,0,28,0,-2.936819
559.081653,-5.110000,-8.520231,-16.321232,nan,-16.321232,-16.435114,-0.065971,11.929048,0,79,0,-3.410231
559.280622,-5.140000,-7.919313,-15.477704,nan,-15.477704,1.061069,-0.281855,15.163623,0,146,0,-2.779314
559.479544,-5.180000,-8.408503,-14.874022,nan,-14.874022,-17.030535,-0.292489,12.386552,0,29,0,-3.228503
559.680679,-5.220000,-8.015068,-13.402841,nan,-13.402841,-7.961832,-0.440885,15.827231,0,63,0,-2.795068
559.884516,-5.190000,-8.342725,-17.618208,nan,-17.618208,-21.916031,-0.087272,19.920212,0,72,0,-3.152725
560.080636,-5.100000,-8.692209,-19.941566,nan,-19.941566,-10.312977,-0.286128,9.663210,1,12,0,-3.592209
560.280642,-5.070000,-8.999212,-16.764376,nan,-16.764376,-15.419847,-0.140396,9.196310,1,0,0,-3.929212
560.484986,-5.070000,-9.551369,-11.072709,nan,-11.072709,-11.793893,-0.234482,12.205791,0,30,0,-4.481369
560.681610,-5.060000,-8.841640,-12.721242,nan,-12.721242,-14.305344,-0.437958,14.041162,0,120,0,-3.781641
560.883489,-5.150000,-8.917974,-12.721242,nan,-12.721242,16.801527,-0.273882,7.946699,0,323,0,-3.767974
561.080682,-5.180000,-9.431716,-12.721242,nan,-12.721242,0.656489,-0.497227,15.888093,0,515,0,-4.251716
561.280708,-5.120000,-10.160591,-12.721242,nan,-12.721242,25.122137,-0.080353,15.188262,0,718,0,-5.040591
561.487485,-5.120000,-9.904402,-11.322106,nan,-11.322106,21.770992,-0.605959,11.298538,1,12,0,-4.784402
561.681478,-5.260000,-9.846739,-15.501295,nan,-15.501295,17.732824,-0.450699,9.958941,1,9,0,-4.586739
561.881493,-5.430000,-10.360864,-17.592447,nan,-17.592447,-16.748091,-0.513345,8.199366,0,187,0,-4.930864
562.082480,-5.640000,-11.213971,-14.990035,nan,-14.990035,-0.557252,-0.525875,12.703556,0,156,0,-5.573971
562.284699,-5.970000,-10.974018,-11.449161,nan,-11.449161,-12.175572,-0.445919,7.407350,0,29,0,-5.004018
562.484522,-6.280000,-11.620641,-5.738730,nan,-5.738730,-16.740458,-0.445919,7.259468,0,100,0,-5.340641
562.684668,-6.340000,-11.643600,-5.802414,nan,-5.802414,14.091603,-0.615730,16.906662,0,119,0,-5.303600
562.888511,-6.240000,-11.545169,-3.963647,nan,-3.963647,1.763359,-0.615730,7.373755,0,29,0,-5.305169
563.081499,-6.100000,-10.823982,-11.365712,nan,-11.365712,-6.541985,-0.584538,8.522164,1,1,0,-4.723982
563.284612,-5.960000,-10.230449,-11.365712,nan,-11.365712,-17.786259,-0.466559,20.770662,0,207,0,-4.270449
563.481533,-5.960000,-11.459201,-12.476006,nan,-12.476006,11.511451,-0.466559,16.055975,0,83,0,-5.499201
563.679533,-5.940000,-11.115784,-14.777567,nan,-14.777567,2.534351,-0.737930,11.799423,0,80,0,-5.175784
563.882593,-5.860000,-11.020260,-12.835172,nan,-12.835172,27.099237,-0.628775,10.655235,1,12,0,-5.160260
564.082831,-5.700000,-11.323462,-13.196362,nan,-13.196362,-10.664123,-0.775874,20.490408,0,38,0,-5.623463
564.282567,-5.720000,-10.927368,-12.372429,nan,-12.372429,-6.503817,-0.656587,17.713736,0,23,0,-5.207368
564.479814,-5.870000,-9.851111,-12.372429,nan,-12.372429,-8.709924,-0.377201,11.836811,0,227,0,-3.981112
564.684510,-5.990000,-10.941445,-7.735700,nan,-7.735700,-3.557252,-0.682184,14.322024,0,25,0,-4.951446
564.882565,-5.990000,-11.075645,-11.802218,nan,-11.802218,-0.748092,-0.616166,9.751104,1,13,0,-5.085646
565.079747,-6.160000,-10.607499,-11.329335,nan,-11.329335,16.580153,-0.047079,14.852571,0,36,0,-4.447499
565.288504,-6.420000,-10.854364,-11.126170,nan,-11.126170,11.274809,-0.438804,7.011833,0,99,0,-4.434364
565.481500,-6.660000,-10.780600,-11.126170,nan,-11.126170,9.290076,-0.132339,19.555220,0,290,0,-4.120600
565.682476,-6.880000,-10.932543,-8.919493,nan,-8.919493,15.938931,-0.325283,9.521816,1,10,0,-4.052543
565.888507,-7.050000,-10.987568,-7.120731,nan,-7.120731,-18.206106,-0.209137,12.384371,0,157,0,-3.937568
566.083502,-7.250000,-11.331589,-9.930268,nan,-9.930268,-6.473282,-0.286078,17.115629,0,27,0,-4.081589
566.279782,-7.360000,-11.131587,-16.003397,nan,-16.003397,4.618320,-0.380946,14.924764,0,26,0,-3.771587
566.480489,-7.200000,-11.921159,-12.978060,nan,-12.978060,-23.625954,-0.007024,19.769712,0,75,0,-4.721159
566.680611,-7.160000,-10.555299,-13.815068,nan,-13.815068,0.458015,-0.069532,16.532158,0,62,0,-3.395299
566.884724,-7.060000,-10.514699,-17.487158,nan,-17.487158,-9.770992,-0.540417,10.260277,1,13,0,-3.454699
567.079674,-6.890000,-9.101744,-17.970179,nan,-17.970179,-11.755725,-0.385852,17.572895,0,32,0,-2.211744
567.281479,-6.890000,-8.339661,-19.052465,nan,-19.052465,-1.366412,-0.142611,13.190240,0,122,0,-1.449661
567.479502,-7.060000,-8.267724,-13.155861,nan,-13.155861,-16.129770,-0.109521,8.853573,1,0,0,-1.207724
567.682641,-6.590000,-8.344700,-15.884527,nan,-14.933960,-0.694656,0.149066,8.571891,1,9,1,-1.754700
567.884495,-6.480000,-7.930032,-13.002460,nan,-12.040391,-1.305344,0.169811,12.804211,0,121,0,-1.450032
568.081712,-6.580000,-7.881369,-10.933352,nan,-10.545103,10.755725,-0.378703,15.416383,0,55,0,-1.301369
568.286641,-6.680000,-9.118499,-10.195003,nan,-8.513737,-14.572519,-0.091584,6.383319,0,106,0,-2.438499
568.486724,-6.690000,-8.388422,-6.216861,nan,-8.511355,-16.709923,-0.344685,16.418451,0,74,0,-1.698422
568.681600,-6.710000,-7.642114,-6.279898,nan,-6.131377,2.778626,-0.227063,18.565048,0,76,0,-0.932114
568.881728,-6.570000,-7.498889,-10.342815,nan,-10.018162,-15.015267,-0.474597,5.449880,0,62,0,-0.928889
569.090504,-6.450000,-7.168277,-7.600802,nan,-8.144477,-21.961832,-0.086134,11.074508,1,11,1,-0.718277
569.292554,-6.590000,-6.617054,-8.780599,nan,-8.976607,12.061069,-0.464419,21.202211,0,27,0,-0.027053
569.479745,-6.770000,-7.342545,-12.248064,nan,-15.340417,20.259542,0.210477,6.115625,0,118,0,-0.572545
569.693590,-6.660000,-7.711962,-9.857372,nan,-10.140059,-2.557252,-0.176512,12.215135,0,88,0,-1.051962
569.933691,-6.470000,-6.553983,-9.857372,nan,-10.140059,-12.366412,-0.025860,15.440603,0,150,0,-0.083983
570.084704,-6.300000,-6.236308,-9.857372,nan,-10.140059,-17.946566,0.061964,12.057724,0,101,0,0.063693
570.286507,-6.100000,-5.392997,-9.857372,nan,-10.140059,3.015267,-0.211198,5.957291,0,73,0,0.707003
570.481499,-5.940000,-5.144904,-9.857372,nan,-10.140059,-21.740458,-0.211198,14.730226,0,68,0,0.795096
570.681732,-5.820000,-4.909091,-9.857372,nan,-10.140059,5.847328,-0.269622,15.030619,0,56,0,0.910909
570.906885,-5.770000,-5.727473,-12.113446,nan,-14.033066,23.458015,0.003026,3.527663,0,133,0,0.042527
571.082808,-5.760000,-4.951361,-15.092858,nan,-16.576399,17.847328,-0.286907,13.534452,0,32,0,0.808639
571.280595,-5.700000,-5.622100,-15.092858,nan,-16.576399,0.419847,-0.151240,5.956932,0,238,0,0.077900
571.487414,-5.640000,-5.277427,-10.867696,nan,-11.974846,-7.145038,-0.163732,9.003415,1,10,1,0.362573
571.680496,-5.650000,-5.227842,-8.074413,nan,-9.857244,13.045801,-0.104367,11.770575,0,66,0,0.422158
571.912434,-5.730000,-5.413635,-6.265603,nan,-8.427078,-13.251908,-0.317811,8.465535,1,58,1,0.316365
572.081515,-5.850000,-6.006976,-6.174648,nan,-7.911049,25.969465,0.277883,13.698699,0,81,0,-0.156976
572.279676,-5.980000,-6.325618,-2.116750,nan,-6.227188,14.992367,-0.144871,11.673680,0,58,0,-0.345618
572.490663,-6.080000,-7.579813,-7.591859,nan,-7.560375,-14.954199,0.004596,7.543614,0,54,0,-1.499813
572.680626,-6.240000,-6.903567,-2.825933,nan,-4.583520,10.763359,-0.229170,14.691394,0,77,0,-0.663567
572.934476,-6.360000,-7.386609,-2.463079,nan,-4.085227,-7.419847,-0.244728,10.063188,1,56,1,-1.026609
573.079412,-6.280000,-6.910052,-6.044981,nan,-6.383644,9.450381,-0.332037,19.417736,0,34,0,-0.630052
573.281496,-6.150000,-7.161719,-4.292347,nan,-6.515008,1.816794,-0.148355,6.457691,0,196,0,-1.011719
573.490198,-6.120000,-7.256052,-7.838251,nan,-7.541504,-12.099236,0.043272,8.549351,1,8,1,-1.136052
573.679512,-6.110000,-6.986125,-7.838251,nan,-7.541504,11.412213,-0.150439,9.667795,1,8,0,-0.876124
573.879500,-6.080000,-7.332482,-7.838251,nan,-7.541504,-6.587786,-0.115198,11.931421,0,32,0,-1.252482
574.094509,-6.120000,-6.741536,-7.838251,nan,-7.541504,-1.267176,-0.129579,16.067551,0,250,0,-0.621536
574.282479,-6.130000,-6.971795,-9.708624,nan,-10.552781,5.038168,-0.073764,14.025694,0,29,0,-0.841795
574.480497,-6.200000,-7.466709,-7.928252,nan,-8.415217,1.465649,-0.073764,4.945280,0,37,0,-1.266709
574.682496,-6.350000,-7.072543,-7.852340,nan,-8.327801,-13.038168,-0.072035,7.591035,0,66,0,-0.722543
574.888761,-6.380000,-6.913920,-6.595644,nan,-7.254179,-0.320611,-0.099357,10.346158,1,11,1,-0.533920
575.081194,-6.400000,-6.355391,-9.552587,nan,-10.267720,-1.351145,-0.106302,10.513638,1,10,1,0.044609
575.288508,-6.370000,-5.205664,-9.552587,nan,-10.267720,-11.412213,-0.070796,6.447106,0,28,0,1.164336
575.483511,-6.350000,-4.111301,-9.552587,nan,-10.267720,4.664122,-0.126628,8.266352,0,31,0,2.238699
575.679477,-6.330000,-4.610364,-9.552587,nan,-10.267720,25.312977,-0.096818,10.654371,1,10,0,1.719635
575.886651,-6.290000,-4.978930,-9.552587,nan,-10.267720,-9.106871,0.168494,3.720038,0,43,0,1.311069
576.080637,-6.250000,-5.244070,-9.552587,nan,-10.267720,11.244275,-0.143452,12.451313,0,20,0,1.005930
576.279420,-6.260000,-4.884333,-9.552587,nan,-10.267720,3.770992,-0.484224,5.721403,0,142,0,1.375667
576.484474,-6.270000,-5.526629,-8.854595,nan,-12.084251,-5.221374,0.229971,15.691343,0,136,0,0.743371
576.683510,-6.310000,-5.676353,-8.697414,nan,-9.826042,-7.114504,0.103131,11.773442,0,57,0,0.633647
576.885674,-6.470000,-5.827914,-9.660898,nan,-9.004598,9.198473,0.103131,17.991526,0,133,0,0.642086
577.080745,-6.570000,-5.223470,-10.585931,nan,-11.296446,-15.557252,-0.110925,5.036077,0,166,0,1.346530
577.289641,-6.530000,-4.293827,-15.112921,nan,-14.290483,6.053435,-0.100421,6.943671,0,35,0,2.236173
577.479484,-6.490000,-4.333430,-11.851812,nan,-12.509830,9.580153,-0.103902,13.837264,0,78,0,2.156569
577.679711,-6.600000,-4.864876,-7.692906,nan,-8.378321,-6.358778,0.122430,12.463678,0,32,0,1.735124
577.879557,-6.660000,-4.730532,-7.253998,nan,-6.238701,-14.793893,0.154009,11.898940,0,96,0,1.929468
578.087506,-6.680000,-4.167751,-7.577291,nan,-7.652407,3.977099,-0.011396,2.722008,0,31,0,2.512249
578.281499,-6.770000,-4.311584,-10.093443,nan,-9.136691,-10.282443,0.145212,14.026313,0,96,0,2.458416
578.489643,-6.820000,-5.022012,-14.332929,nan,-14.268031,7.183206,0.009923,7.405580,0,36,0,1.797988
578.682488,-6.850000,-4.721884,-14.332929,nan,-14.268031,25.908398,-0.024502,7.015328,0,228,0,2.128116
578.880609,-6.760000,-5.175210,-11.581648,nan,-11.743261,-8.465649,0.296437,5.394219,0,123,0,1.584791
579.082481,-6.560000,-5.243910,-7.565321,nan,-7.226959,19.610687,0.053044,7.357946,0,56,0,1.316090
579.279503,-6.540000,-5.528384,-5.201714,nan,-4.822374,8.053435,0.059567,10.886459,1,0,1,1.011616
579.486506,-6.530000,-5.366759,-9.347702,nan,-8.954763,-2.755725,0.054931,8.969970,1,9,0,1.163241
579.682496,-6.380000,-4.747004,-9.347702,nan,-8.954763,-9.167939,-0.100008,9.750066,1,11,0,1.632997
579.879424,-6.480000,-4.655940,-11.269864,nan,-8.775691,2.877863,0.372979,8.133114,0,32,0,1.824060
580.086648,-6.660000,-5.069600,-11.782175,nan,-11.042046,-3.671756,0.110928,13.625480,0,19,0,1.590400
580.280603,-6.630000,-5.559415,-10.801216,nan,-10.068712,-5.290076,-0.064225,7.089403,0,153,0,1.070585
580.481753,-6.500000,-5.500168,-11.714222,nan,-10.701454,-16.587786,0.153586,11.051234,1,11,1,0.999832
580.679721,-6.430000,-4.668631,-13.077254,nan,-12.077052,-17.931297,0.020720,18.734837,0,62,0,1.761369
580.889700,-6.430000,-5.262093,-10.480490,nan,-9.846187,-19.061069,0.097369,10.680283,1,10,1,1.167907
581.082483,-6.440000,-5.333910,-10.480490,nan,-9.846187,-8.091603,0.204484,11.805931,0,198,0,1.106090
581.280846,-6.420000,-5.362348,-10.992735,nan,-9.731756,16.694656,0.191621,9.663445,1,12,1,1.057652
581.479715,-6.370000,-5.826347,-4.529638,nan,-5.273437,0.763359,-0.113127,16.452499,0,24,0,0.543653
581.685718,-6.340000,-5.791602,-10.226673,nan,-10.168249,-0.954198,0.009009,9.175352,1,2,1,0.548398
581.882498,-6.340000,-6.404589,-10.052342,nan,-10.040333,2.770992,0.067236,8.124516,0,33,0,-0.064589
582.079518,-6.280000,-5.815155,-12.760913,nan,-12.507359,4.977099,0.040476,9.608139,1,15,1,0.464845
582.279713,-6.230000,-5.459978,-13.715197,nan,-13.459359,-17.137405,0.195490,13.095422,0,139,0,0.770022
582.479492,-6.190000,-4.863533,-15.262515,nan,-15.248322,-0.358779,0.002314,3.407840,0,63,0,1.326467
582.689641,-6.150000,-4.231270,-17.162300,nan,-16.643644,-2.694656,0.063643,7.384746,0,54,0,1.918730
582.884494,-6.130000,-4.553256,-13.167792,nan,-14.834725,1.473282,-0.051898,21.526299,0,37,0,1.576745
583.080582,-6.100000,-4.413637,-18.921381,nan,-16.812775,5.984733,-0.057765,4.517576,0,75,0,1.686363
583.282503,-6.060000,-3.644930,-18.921381,nan,-16.812775,-22.755726,-0.159834,16.298655,0,282,0,2.415070
583.489030,-6.110000,-4.433006,-14.705177,nan,-13.587749,-10.503817,0.174510,10.624834,1,11,1,1.676994
583.682480,-6.160000,-4.777940,-12.020998,nan,-13.886599,-14.877863,-0.276447,8.480183,1,0,1,1.382060
583.892506,-6.130000,-4.227911,-17.289534,nan,-15.444285,-17.114504,0.277925,3.593157,0,34,0,1.902090
584.113136,-6.070000,-3.524899,-17.289534,nan,-15.444285,-6.167939,-0.034347,5.279171,0,270,0,2.545101
584.287507,-6.000000,-3.657882,-15.151736,nan,-15.381972,-3.137405,0.061901,15.901865,0,100,0,2.342118
584.483511,-5.950000,-3.890533,-17.092735,nan,-16.683435,6.938931,0.156467,13.539073,0,60,0,2.059467
584.680481,-5.950000,-3.910389,-17.092735,nan,-16.683435,10.435115,-0.094314,11.672390,0,183,0,2.039611
584.879661,-5.940000,-3.738898,-11.100263,nan,-12.047132,0.900763,-0.144865,3.404636,0,31,0,2.201102
585.079693,-6.020000,-4.055465,-13.436942,nan,-13.308867,-14.885496,0.020117,10.525057,1,63,1,1.964535
585.279681,-6.040000,-4.700832,-14.026235,nan,-13.975345,6.694656,0.008072,14.196260,0,78,0,1.339168
585.483351,-6.070000,-4.793300,-9.009487,nan,-9.404664,-7.519084,-0.061120,8.440255,1,0,1,1.276700
585.682494,-6.110000,-4.299882,-9.893001,nan,-10.659762,6.946565,0.135504,13.967157,0,82,0,1.810118
585.880479,-6.010000,-4.415635,-10.676825,nan,-10.925935,-0.580153,-0.039952,19.257549,0,57,0,1.594366
586.080928,-5.810000,-3.839113,-10.157966,nan,-9.748915,15.053435,0.064297,9.411641,1,56,1,1.970886
586.281606,-5.760000,-3.437434,-6.385923,nan,-8.681494,14.992367,-0.364157,10.869411,1,0,1,2.322566
586.479734,-5.680000,-3.697101,-15.698720,nan,-14.521700,-14.061069,0.190912,6.006153,0,29,0,1.982899
586.683511,-5.470000,-3.532294,-12.133083,nan,-12.112008,-15.908397,0.003363,10.942636,1,0,1,1.937706
586.881494,-5.420000,-3.232994,-10.889446,nan,-10.868418,5.488550,-0.311506,14.450972,0,81,0,2.187006
587.097890,-5.450000,-2.649590,-9.922185,nan,-10.595714,2.213740,-0.110174,11.116202,1,65,1,2.800410
587.282571,-5.500000,-2.437408,-7.973252,nan,-6.875087,11.091603,0.177820,8.740783,1,11,1,3.062592
587.480873,-5.500000,-2.512979,-7.568828,nan,-6.420630,-1.931298,-0.105933,2.692578,0,77,0,2.987021
587.679480,-5.470000,-3.369239,-7.174764,nan,-8.176864,7.862596,-0.157218,19.658161,0,37,0,2.100761
587.879778,-5.550000,-3.432567,-4.849011,nan,-5.395536,-22.908398,-0.086403,13.462424,0,13,0,2.117433
588.112938,-5.590000,-3.028458,-7.256873,nan,-7.154776,-7.541985,-0.087882,8.063701,0,79,0,2.561542
588.284857,-5.590000,-2.067694,-13.023341,nan,-13.588531,13.320611,-0.090592,16.618513,0,98,0,3.522306
588.480679,-5.600000,-2.529716,-11.510111,nan,-11.905202,-11.625955,-0.062222,15.119681,0,74,0,3.070284
588.691509,-5.600000,-1.572639,-9.933521,nan,-10.758894,-3.404580,-0.252230,16.200695,0,38,0,4.027361
588.884489,-5.620000,-1.681178,-9.866531,nan,-11.539271,6.160306,-0.077859,7.808713,0,119,0,3.938822
589.130668,-5.650000,-1.486943,-9.434248,nan,-9.931210,-20.763359,-0.071733,9.251145,1,63,1,4.163057
589.279977,-5.730000,-1.454097,-9.434248,nan,-9.931210,-14.091603,-0.194144,8.227905,0,194,0,4.275904
589.479576,-5.710000,-2.753802,-12.261264,nan,-11.884181,20.320610,0.059631,8.822899,1,0,1,2.956198
589.686506,-5.640000,-2.886170,-11.406732,nan,-11.033843,-19.198473,-0.142427,15.332295,0,97,0,2.753830
589.884503,-5.660000,-2.575992,-9.889200,nan,-10.066427,-10.832061,-0.028679,13.186869,0,70,0,3.084008
590.134293,-5.740000,-2.694764,-12.415252,nan,-14.275858,18.870230,-0.300956,8.809196,1,58,1,3.045236
590.280737,-5.770000,-3.446307,-12.401778,nan,-12.812413,-9.885496,-0.067267,10.179418,1,16,1,2.323693
590.481348,-5.770000,-4.306198,-12.102283,nan,-12.706652,24.900763,-0.097434,8.842433,1,5,1,1.463802
590.679764,-5.720000,-3.781203,-16.186354,nan,-13.686404,-16.099237,-0.143977,13.583009,0,75,0,1.938797
590.880504,-5.680000,-3.364863,-11.808107,nan,-10.924069,-5.587786,0.143606,10.170136,1,0,1,2.315137
591.080474,-5.690000,-3.885040,-8.425482,nan,-7.145583,19.938931,0.206588,12.884835,0,51,0,1.804960
591.289607,-5.740000,-3.800743,-11.429706,nan,-10.467051,3.671756,0.154236,9.507067,1,0,1,1.939257
591.481795,-5.710000,-4.284371,-4.510542,nan,-8.945584,8.290076,-0.707721,7.463888,0,56,0,1.425629
591.683640,-5.650000,-3.901770,-6.934978,nan,-7.853500,12.480916,-0.145582,11.272822,1,3,1,1.748230
591.880484,-5.650000,-4.048347,-4.178634,nan,-6.567627,-27.458015,0.013876,16.617414,0,37,0,1.601653
592.080737,-5.740000,-3.265340,-15.363439,nan,-13.792846,-28.175573,-0.306702,6.057124,0,57,0,2.474659
592.282494,-5.760000,-4.035742,-13.446203,nan,-15.464644,-2.786260,-0.514781,5.333213,0,147,0,1.724258
592.481495,-5.700000,-4.183167,-14.859504,nan,-14.076245,16.557251,0.119989,7.266296,0,35,0,1.516832
592.683732,-5.700000,-4.664561,-15.836934,nan,-15.915136,-0.198473,-0.012046,9.166397,1,4,1,1.035439
592.881599,-5.700000,-4.235289,-15.972886,nan,-16.403889,17.267176,-0.011199,12.349578,0,54,0,1.464711
593.083478,-5.660000,-4.974427,-14.536117,nan,-16.276436,-3.862595,-0.273110,13.999118,0,55,0,0.685573
593.282029,-5.610000,-4.866575,-13.196699,nan,-13.556428,-0.679389,-0.165383,8.025907,0,145,0,0.743425
593.481500,-5.630000,-5.198876,-13.196699,nan,-13.556428,-0.335878,-0.165383,16.502392,0,339,0,0.431124
